id,topic,difficulty,certificate,goal,lean_header,lean_goal,tools,max_hint_level,hint_caveat,hint_outline,hint_first_step,solution
proofnet-3,abstract_algebra,easy,reproducible,Prove that a group of even order contains an element of order $2 .$,import Mathlib open Function Fintype Subgroup Ideal Polynomial Submodule Zsqrtd open scoped BigOperators,"theorem Artin_exercise_2_11_3 {G : Type*} [Group G] [Fintype G]
  (hG : Even (card G)) : ∃ x : G, orderOf x = 2 := by",Fact; Nat.Prime; Nat.prime_two; exists_prime_orderOf_dvd_card; two_mul,3,,"Even order means two divides the order of the group.; Cauchy's theorem says a prime dividing the order of a finite group is realised as the order of some element, and two is prime — that element is the one required.","obtain ⟨k, hk⟩ := hG","import Mathlib
open Function Fintype Subgroup Ideal Polynomial Submodule Zsqrtd
open scoped BigOperators

theorem Artin_exercise_2_11_3 {G : Type*} [Group G] [Fintype G]
  (hG : Even (card G)) : ∃ x : G, orderOf x = 2 := by
  -- Step 1: Unpack the hypothesis that `|G|` is even in order to obtain a witness for the two-divisibility.
  obtain ⟨k, hk⟩ := hG
  -- Step 1.1: Rewrite the divisibility statement in the form `2 ∣ |G|` using the witness `k`.
  have h_two_dvd : 2 ∣ Fintype.card G := by
    -- Step 1.1.1: Convert the equality `|G| = k + k` into the standard `2 * k` format.
    exact ⟨k, by simpa [two_mul] using hk⟩
  -- Step 2: Prepare the prime-number data (`2` is prime) required by Cauchy's theorem.
  let _ : Fact (Nat.Prime 2) := ⟨Nat.prime_two⟩
  -- Step 3: Invoke Cauchy's theorem (via `exists_prime_orderOf_dvd_card`) to obtain an element of order `2`.
  exact exists_prime_orderOf_dvd_card (G := G) (p := 2) h_two_dvd"
proofnet-7,abstract_algebra,hard,reproducible,"Prove that two elements $a, b$ of a group generate the same subgroup as $b a b^2, b a b^3$.",import Mathlib open Function Fintype Subgroup Ideal Polynomial Submodule Zsqrtd open scoped BigOperators,"theorem Artin_exercise_6_8_1 {G : Type*} [Group G]
  (a b : G) : closure ({a, b} : Set G) = Subgroup.closure {b*a*b^2, b*a*b^3} := by",pow_succ; pow_two,3,,"Prove the subgroup equality by establishing mutual inclusions.; Show `closure {a, b}` is contained in `Subgroup.closure {b * a * b ^ 2, b * a * b ^ 3}`.; Show `Subgroup.closure {b * a * b ^ 2, b * a * b ^ 3}` is contained in `closure {a, b}`.",refine le_antisymm ?left_to_right ?right_to_left,"import Mathlib
open Function Fintype Subgroup Ideal Polynomial Submodule Zsqrtd
open scoped BigOperators

theorem Artin_exercise_6_8_1 {G : Type*} [Group G]
  (a b : G) : closure ({a, b} : Set G) = Subgroup.closure {b*a*b^2, b*a*b^3} := by
  classical
  -- Step 1: Prove the subgroup equality by establishing mutual inclusions.
  refine le_antisymm ?left_to_right ?right_to_left
  -- Step 2: Show `closure {a, b}` is contained in `Subgroup.closure {b * a * b ^ 2, b * a * b ^ 3}`.
  · -- Step 2.1: Introduce the target subgroup and record that the generators belong to it.
    have hb :
        b ∈ Subgroup.closure ({b * a * b ^ 2, b * a * b ^ 3} : Set G) := by
      -- Step 2.1.1: The generator `b * a * b ^ 2` lies in the closure by construction.
      have h_bab2 :
          b * a * b ^ 2 ∈ Subgroup.closure ({b * a * b ^ 2, b * a * b ^ 3} : Set G) :=
        Subgroup.subset_closure (by
          -- Step 2.1.1.1: Simplify membership in the generating set.
          simp [Set.mem_insert_iff, Set.mem_singleton_iff])
      -- Step 2.1.2: The generator `b * a * b ^ 3` lies in the closure by construction.
      have h_bab3 :
          b * a * b ^ 3 ∈ Subgroup.closure ({b * a * b ^ 2, b * a * b ^ 3} : Set G) :=
        Subgroup.subset_closure (by
          -- Step 2.1.2.1: Simplify membership in the generating set.
          simp [Set.mem_insert_iff, Set.mem_singleton_iff])
      -- Step 2.1.3: Combine the generators to express `b` as their product.
      have hb_prod :
          (b * a * b ^ 2)⁻¹ * (b * a * b ^ 3)
            ∈ Subgroup.closure ({b * a * b ^ 2, b * a * b ^ 3} : Set G) :=
        Subgroup.mul_mem _ (Subgroup.inv_mem _ h_bab2) h_bab3
      -- Step 2.1.4: Simplify the product to show it equals `b`.
      simpa [pow_two, pow_succ, mul_assoc] using hb_prod
    -- Step 2.2: Use the universal property of the closure to send each generator into the target subgroup.
    refine (closure_le (K := Subgroup.closure ({b * a * b ^ 2, b * a * b ^ 3} : Set G))).2 ?_
    intro x hx
    -- Step 2.2.1: Reduce membership in `{a, b}` to two explicit cases.
    have hx' : x = a ∨ x = b := by
      simpa [Set.mem_insert_iff, Set.mem_singleton_iff]
    -- Step 2.2.2: Discharge each case separately.
    cases hx' with
    | inl h =>
        -- Step 2.2.2.1: Interpret the goal using the case hypothesis `h : x = a`.
        -- Step 2.2.2.2: Prepare useful elements already known to be in the target subgroup.
        have hb_inv :
            b⁻¹ ∈ Subgroup.closure ({b * a * b ^ 2, b * a * b ^ 3} : Set G) :=
          Subgroup.inv_mem _ hb
        have h_bab2 :
            b * a * b ^ 2 ∈ Subgroup.closure ({b * a * b ^ 2, b * a * b ^ 3} : Set G) :=
          Subgroup.subset_closure (by
            -- Step 2.2.2.2.1: Again unpack membership in the generating set.
            simp [Set.mem_insert_iff, Set.mem_singleton_iff])
        -- Step 2.2.2.3: Build the product `b⁻¹ * (b * a * b ^ 2)`.
        have h_prefactor :
            b⁻¹ * (b * a * b ^ 2)
              ∈ Subgroup.closure ({b * a * b ^ 2, b * a * b ^ 3} : Set G) :=
          Subgroup.mul_mem _ hb_inv h_bab2
        -- Step 2.2.2.4: Record that `b⁻¹ * b⁻¹` is in the subgroup.
        have hb_inv_sq :
            b⁻¹ * b⁻¹
              ∈ Subgroup.closure ({b * a * b ^ 2, b * a * b ^ 3} : Set G) :=
          Subgroup.mul_mem _ hb_inv hb_inv
        -- Step 2.2.2.5: Combine everything to obtain a representative equal to `a`.
        have ha_mem :
            (b⁻¹ * (b * a * b ^ 2)) * (b⁻¹ * b⁻¹)
              ∈ Subgroup.closure ({b * a * b ^ 2, b * a * b ^ 3} : Set G) :=
          Subgroup.mul_mem _ h_prefactor hb_inv_sq
        -- Step 2.2.2.6: Simplify the representative to conclude that `a` is in the subgroup.
        have ha :
            a ∈ Subgroup.closure ({b * a * b ^ 2, b * a * b ^ 3} : Set G) :=
          by simpa [pow_two, mul_assoc] using ha_mem
        -- Step 2.2.2.7: Transport the membership back to `x` using `h`.
        simpa [h] using ha
    | inr h =>
        -- Step 2.2.2.8: Conclude immediately using the established membership of `b`.
        simpa [h] using hb
  -- Step 3: Show `Subgroup.closure {b * a * b ^ 2, b * a * b ^ 3}` is contained in `closure {a, b}`.
  · -- Step 3.1: Record the basic elements of `closure {a, b}` that will be reused.
    have hb :
        b ∈ closure ({a, b} : Set G) :=
      Subgroup.subset_closure (by
        -- Step 3.1.1: Simplify membership of `b` in `{a, b}`.
        simp [Set.mem_insert_iff, Set.mem_singleton_iff])
    have ha :
        a ∈ closure ({a, b} : Set G) :=
      Subgroup.subset_closure (by
        -- Step 3.1.2: Simplify membership of `a` in `{a, b}`.
        simp [Set.mem_insert_iff, Set.mem_singleton_iff])
    -- Step 3.1.3: Higher powers of `b` also belong because the closure is a subgroup.
    have hb_two :
        b ^ 2 ∈ closure ({a, b} : Set G) :=
      Subgroup.pow_mem _ hb 2
    have hb_three :
        b ^ 3 ∈ closure ({a, b} : Set G) :=
      Subgroup.pow_mem _ hb 3
    -- Step 3.2: Use the universal property of the closure to absorb the generators on the right.
    refine (closure_le (K := closure ({a, b} : Set G))).2 ?_
    intro x hx
    -- Step 3.2.1: Reduce membership in `{b * a * b ^ 2, b * a * b ^ 3}` to explicit cases.
    have hx' : x = b * a * b ^ 2 ∨ x = b * a * b ^ 3 := by
      simpa [Set.mem_insert_iff, Set.mem_singleton_iff]
    -- Step 3.2.2: Treat both generators separately.
    cases hx' with
    | inl h =>
        -- Step 3.2.2.1: Interpret the goal using `h : x = b * a * b ^ 2`.
        -- Step 3.2.2.2: Combine `b`, `a`, and `b ^ 2` to show the product lies in the closure.
        have h_mul :
            b * a ∈ closure ({a, b} : Set G) :=
          Subgroup.mul_mem _ hb ha
        have h_target :
            (b * a) * b ^ 2 ∈ closure ({a, b} : Set G) :=
          Subgroup.mul_mem _ h_mul hb_two
        -- Step 3.2.2.3: Simplify back to the desired element and reinterpret via `h`.
        have h_bab2 :
            b * a * b ^ 2 ∈ closure ({a, b} : Set G) :=
          by simpa [mul_assoc] using h_target
        simpa [h] using h_bab2
    | inr h =>
        -- Step 3.2.2.4: Interpret the goal using `h : x = b * a * b ^ 3`.
        -- Step 3.2.2.5: Combine the same base elements with `b ^ 3`.
        have h_mul :
            b * a ∈ closure ({a, b} : Set G) :=
          Subgroup.mul_mem _ hb ha
        have h_target :
            (b * a) * b ^ 3 ∈ closure ({a, b} : Set G) :=
          Subgroup.mul_mem _ h_mul hb_three
        -- Step 3.2.2.6: Simplify back to the desired element and reinterpret via `h`.
        have h_bab3 :
            b * a * b ^ 3 ∈ closure ({a, b} : Set G) :=
          by simpa [mul_assoc] using h_target
        simpa [h] using h_bab3"
proofnet-15,linear_algebra,easy,reproducible,Prove that $-(-v) = v$ for every $v \in V$.,import Mathlib open Fintype Complex Polynomial LinearMap FiniteDimensional Module Module.End open scoped BigOperators,"theorem Axler_exercise_1_3 {F V : Type*} [AddCommGroup V] [Field F]
  [Module F V] {v : V} : -(-v) = v := by",AddCommGroup; Field; Module,3,single_line_proof,"Negation in an abelian group is an involution, and that is the whole content — the module and field structure play no role.",simp,"import Mathlib
open Fintype Complex Polynomial LinearMap FiniteDimensional Module Module.End
open scoped BigOperators

theorem Axler_exercise_1_3 {F V : Type*} [AddCommGroup V] [Field F]
  [Module F V] {v : V} : -(-v) = v := by
  /- Step 1: Recognize that the desired identity is precisely the lemma `neg_neg`. -/
  /- Step 1.1: Invoke `simp`, whose rewriting table contains `neg_neg`, to rewrite `-(-v)` into `v`. -/
  simp"
proofnet-16,linear_algebra,medium,reproducible,Prove that the intersection of any collection of subspaces of $V$ is a subspace of $V$.,import Mathlib open Fintype Complex Polynomial LinearMap FiniteDimensional Module Module.End open scoped BigOperators,"theorem Axler_exercise_1_8 {F V : Type*} [AddCommGroup V] [Field F]
  [Module F V] {ι : Type*} (u : ι → Submodule F V) :
  ∃ U : Submodule F V, (⋂ (i : ι), (u i).carrier) = ↑U := by",Set.mem_iInter.mp; Set.mem_iInter.mpr,3,,"An arbitrary intersection of subspaces contains zero and is closed under addition and scaling, because each member is.; That is exactly the greatest lower bound of the family in the lattice of subspaces, so the set-theoretic intersection and that infimum have the same elements.","refine ⟨⨅ i, u i, ?_⟩","import Mathlib
open Fintype Complex Polynomial LinearMap FiniteDimensional Module Module.End
open scoped BigOperators

theorem Axler_exercise_1_8 {F V : Type*} [AddCommGroup V] [Field F]
  [Module F V] {ι : Type*} (u : ι → Submodule F V) :
  ∃ U : Submodule F V, (⋂ (i : ι), (u i).carrier) = ↑U := by
  -- Step 1: Enable classical logic to use choice-dependent lemmas about indexed intersections.
  classical
  -- Step 2: Choose the canonical candidate submodule, namely the infimum over the family.
  refine ⟨⨅ i, u i, ?_⟩
  -- Step 3: Compare the set-theoretic intersection with the carrier of the infimum via extensionality.
  ext x
  -- Step 3.1: Prove that membership in the intersection implies membership in the infimum submodule.
  constructor
  · -- Step 3.1.1: Assume `x` lies in the intersection of the underlying sets of each submodule.
    intro hx
    -- Step 3.1.1.1: Expand the intersection membership into pointwise membership in each submodule.
    have hx_all_carrier : ∀ i : ι, x ∈ (u i).carrier := by
      -- Step 3.1.1.1.1: Use the elimination rule for indexed intersections of sets.
      exact Set.mem_iInter.mp hx
    -- Step 3.1.2: Convert the pointwise membership into membership in the infimum submodule.
    -- Step 3.1.2.1: First rephrase the carrier-style membership in terms of submodule membership.
    have hx_all : ∀ i : ι, x ∈ u i := by
      -- Step 3.1.2.1.1: Coercions identify `x ∈ u i` with membership in the underlying set.
      intro i
      simpa using hx_all_carrier i
    -- Step 3.1.2.2: `Submodule.mem_iInf` translates the universal property into infimum membership.
    exact (Submodule.mem_iInf u).mpr hx_all
  · -- Step 3.2: Assume `x` belongs to the infimum submodule and deduce membership in every component.
    intro hx
    -- Step 3.2.1: Unpack the infimum membership into pointwise membership in each submodule.
    have hx_all : ∀ i : ι, x ∈ u i := by
      -- Step 3.2.1.1: Apply the introduction rule for `mem_iInf` to obtain the universal condition.
      exact (Submodule.mem_iInf u).mp hx
    -- Step 3.2.2: Reassemble the pointwise membership into the set-theoretic intersection.
    -- Step 3.2.2.1: Translate the submodule membership back to carrier-style membership.
    have hx_all_carrier : ∀ i : ι, x ∈ (u i).carrier := by
      -- Step 3.2.2.1.1: Use coercion equality between submodule and carrier membership.
      intro i
      simpa using hx_all i
    -- Step 3.2.2.2: `Set.mem_iInter` packages the universal condition as intersection membership.
    exact Set.mem_iInter.mpr hx_all_carrier"
proofnet-20,linear_algebra,hard,reproducible,Suppose $T \in \mathcal{L}(V)$ is such that every vector in $V$ is an eigenvector of $T$. Prove that $T$ is a scalar multiple of the identity operator.,import Mathlib open Fintype Complex Polynomial LinearMap FiniteDimensional Module Module.End open scoped BigOperators,"theorem Axler_exercise_5_12 {F V : Type*} [AddCommGroup V] [Field F]
  [Module F V] {S : End F V}
  (hS : ∀ v : V, ∃ c : F, v ∈ eigenspace S c) :
  ∃ c : F, S = c • LinearMap.id := by",Classical.choose; Classical.choose_spec; Ne.symm; add_assoc; add_comm; add_left_comm; by_cases,3,,"Every vector has some eigenvalue attached to it; the claim is that a single scalar works for all of them at once.; If the space is trivial, any scalar does. Otherwise fix a nonzero vector and let its eigenvalue be the candidate.; For any other vector, compare it against that fixed one: if the two are dependent they share the eigenvalue outright, and if independent their sum is also an eigenvector…","have heig : ∀ v : V, v ∈ eigenspace S (eig v) :=","import Mathlib
open Fintype Complex Polynomial LinearMap FiniteDimensional Module Module.End
open scoped BigOperators

theorem Axler_exercise_5_12 {F V : Type*} [AddCommGroup V] [Field F]
  [Module F V] {S : End F V}
  (hS : ∀ v : V, ∃ c : F, v ∈ eigenspace S c) :
  ∃ c : F, S = c • LinearMap.id := by
  -- Step 1: Enable classical choice to pick eigenvalues for individual vectors.
  classical
  -- Step 2: Define a helper that records one eigenvalue for every vector.
  let eig : V → F := fun v => Classical.choose (hS v)
  -- Step 2.1: Store the fact that each vector indeed lies in its chosen eigenspace.
  have heig : ∀ v : V, v ∈ eigenspace S (eig v) :=
    fun v => Classical.choose_spec (hS v)
  -- Step 2.2: Rewrite the eigenspace membership as the concrete eigenvector equation.
  have heq : ∀ v : V, S v = (eig v) • v := fun v => by
    -- Step 2.2.1: Apply the characterization of membership in an eigenspace.
    simpa [eig, Module.End.mem_eigenspace_iff] using heig v
  -- Step 3: Separate the degenerate case where every vector is zero from the nontrivial case.
  by_cases hNontrivial : ∃ v : V, v ≠ 0
  -- Step 4: Handle the interesting case with a genuine nonzero vector.
  · obtain ⟨v₀, hv₀⟩ := hNontrivial
    -- Step 4.1: Let μ be the eigenvalue attached to our chosen nonzero vector.
    set μ : F := eig v₀
    -- Step 4.1.1: Record the defining equation for μ.
    have hμ_spec : S v₀ = μ • v₀ := by
      -- Step 4.1.1.1: Unfold the helper equality.
      simpa [μ] using heq v₀
    -- Step 4.2: Show that μ works for every vector by comparing images on arbitrary inputs.
    refine ⟨μ, ?_⟩
    -- Step 4.2.1: Two linear maps are equal if they agree on every vector.
    ext w
    -- Step 4.2.2: Distinguish the trivial input vector.
    by_cases hw : w = 0
    -- Step 4.2.2.1: When the input is zero, both sides vanish immediately.
    · simp [hw, LinearMap.map_zero]
    -- Step 4.2.3: Work under the assumption that the input is nonzero.
    · -- Step 4.2.3.1: Split into the subcase where w lies on the line spanned by v₀.
      by_cases hDep : ∃ a : F, w = a • v₀
      -- Step 4.2.3.1.1: If dependent, a short scalar-multiplication computation proves the claim.
      · obtain ⟨a, rfl⟩ := hDep
        -- Step 4.2.3.1.1.1: Push the scalar through the linear map and compare.
        calc
          S (a • v₀) = a • S v₀ := by
            -- Step 4.2.3.1.1.1.1: A linear map respects scalar multiplication.
            exact S.map_smul a v₀
          _ = a • (μ • v₀) := by
            -- Step 4.2.3.1.1.1.2: Substitute the defining relation for μ.
            simp [hμ_spec]
          _ = μ • (a • v₀) := by
            -- Step 4.2.3.1.1.1.3: Reassociate the scalar product.
            simp [mul_comm, smul_smul]
      -- Step 4.2.3.2: Treat the independent case where w is not a multiple of v₀.
      · push_neg at hDep
        -- Step 4.2.3.2.1: Introduce shorthand for the eigenvalues of w and v₀ + w.
        set μw : F := eig w
        set μ' : F := eig (v₀ + w)
        -- Step 4.2.3.2.2: Register the eigenvector equations for w and v₀ + w.
        have hSw : S w = μw • w := by
          simpa [μw] using heq w
        have hSsum : S (v₀ + w) = μ' • (v₀ + w) := by
          simpa [μ'] using heq (v₀ + w)
        -- Step 4.2.3.2.3: Compare the two different ways of expanding S (v₀ + w).
        have hCombine :
            μ • v₀ + μw • w = μ' • v₀ + μ' • w := by
          calc
            μ • v₀ + μw • w
                = S v₀ + S w := by
                  -- Step 4.2.3.2.3.1: Replace both summands by their S-images.
                  simp [hμ_spec, hSw]
            _ = S (v₀ + w) := by
                  -- Step 4.2.3.2.3.2: Use linearity of S on sums.
                  exact (S.map_add v₀ w).symm
            _ = μ' • (v₀ + w) := hSsum
            _ = μ' • v₀ + μ' • w := by
                  -- Step 4.2.3.2.3.3: Expand the scalar multiplication across the sum.
                  simp [smul_add]
        -- Step 4.2.3.2.4: Isolate the relation involving the three eigenvalues.
        have hRelation :
            μ • v₀ - μ' • v₀ = μ' • w - μw • w := by
          -- Step 4.2.3.2.4.1: Move both extra terms to the left-hand side at once.
          have hSub := congrArg (fun x => x - μ' • v₀ - μw • w) hCombine
          -- Step 4.2.3.2.4.2: Simplify the resulting difference of sums.
          simpa [sub_eq_add_neg, add_comm, add_left_comm, add_assoc] using hSub
        have hRelation' :
            (μ - μ') • v₀ = (μ' - μw) • w := by
          -- Step 4.2.3.2.4.3: Convert the differences into scalar multiples.
          simpa [sub_smul] using hRelation
        -- Step 4.2.3.2.5: First show that μw must equal μ'.
        have hμw_eq_μ' : μw = μ' := by
          -- Step 4.2.3.2.5.1: A contradiction arises if the eigenvalues differed.
          by_contra hNe
          -- Step 4.2.3.2.5.2: Use the relation to write w as a scalar multiple of v₀.
          have hScalar : μ' - μw ≠ 0 := sub_ne_zero.mpr (Ne.symm hNe)
          have hMultiple :
              w = ((μ - μ') * (μ' - μw)⁻¹) • v₀ := by
            -- Step 4.2.3.2.5.2.1: Multiply the relation by the inverse scalar.
            have := congrArg (fun z => (μ' - μw)⁻¹ • z) hRelation'.symm
            -- Step 4.2.3.2.5.2.2: Simplify to isolate w.
            have hScaled :
                (1 : F) • w = ((μ' - μw)⁻¹ * (μ - μ')) • v₀ := by
              simpa [smul_smul, hScalar] using this
            -- Step 4.2.3.2.5.2.3: Rewrite the coefficient to the target orientation.
            calc
              w = (1 : F) • w := by simp
              _ = ((μ' - μw)⁻¹ * (μ - μ')) • v₀ := by
                simpa using hScaled
              _ = ((μ - μ') * (μ' - μw)⁻¹) • v₀ := by
                simp [mul_comm]
          -- Step 4.2.3.2.5.3: Contradict the assumption that w is not in the span of v₀.
          have hContr := hDep ((μ - μ') * (μ' - μw)⁻¹)
          exact hContr hMultiple
        -- Step 4.2.3.2.6: With μw = μ', the relation reduces to (μ - μ') • v₀ = 0.
        have hμ_eq_μ' : μ = μ' := by
          -- Step 4.2.3.2.6.1: Substitute μw = μ' in the relation.
          have hZero : (μ - μ') • v₀ = 0 := by
            simpa [hμw_eq_μ', sub_self] using hRelation'
          -- Step 4.2.3.2.6.2: If μ ≠ μ', inverting the scalar would force v₀ = 0.
          by_contra hNe
          have hScalar : μ - μ' ≠ 0 := sub_ne_zero.mpr hNe
          have hv₀_zero : v₀ = 0 := by
            have := congrArg (fun z => (μ - μ')⁻¹ • z) hZero
            have : ((μ - μ')⁻¹ * (μ - μ')) • v₀ = 0 := by
              simpa [smul_smul] using this
            have : (1 : F) • v₀ = 0 := by
              simpa [hScalar] using this
            simpa using this
          exact hv₀ hv₀_zero
        -- Step 4.2.3.2.7: Conclude that μw equals μ.
        have hμw_eq_μ : μw = μ := by
          calc
            μw = μ' := hμw_eq_μ'
            _ = μ := hμ_eq_μ'.symm
        -- Step 4.2.3.2.8: Finish by rewriting S w with the shared eigenvalue.
        simp [hSw, hμw_eq_μ]
  -- Step 5: Address the purely degenerate case where every vector is zero.
  · have hAllZero : ∀ v : V, v = 0 := by
      -- Step 5.1: Show every vector must equal zero under the negated existence hypothesis.
      intro v
      by_contra hv
      exact hNontrivial ⟨v, hv⟩
    -- Step 5.2: In this case, the linear map is the zero map, i.e., 0 • id.
    refine ⟨0, ?_⟩
    -- Step 5.3: Check equality on every vector.
    ext v
    -- Step 5.3.1: Reduce to evaluating the map at the zero vector.
    have hv : v = 0 := hAllZero v
    -- Step 5.3.2: Simplify both sides using the helper equation.
    have hS_zero : S v = 0 := by
      cases hv
      simp
    have hZeroMap_apply : ((0 : F) • LinearMap.id : End F V) v = 0 := by
      simp
    exact hS_zero.trans hZeroMap_apply.symm"
proofnet-21,linear_algebra,hard,reproducible,Suppose that $T \in \mathcal{L}(V)$ has $\operatorname{dim} V$ distinct eigenvalues and that $S \in \mathcal{L}(V)$ has the same eigenvectors as $T$ (not necessarily with the same eigenvalues). Prove that $S T=T S$.,import Mathlib open Fintype Complex Polynomial LinearMap FiniteDimensional Module Module.End open scoped BigOperators,"theorem Axler_exercise_5_20 {F V : Type*} [AddCommGroup V] [Field F]
  [Module F V] [FiniteDimensional F V] {S T : End F V}
  (h1 : card (T.Eigenvalues) = finrank F V)
  (h2 : ∀ v : V, (∃ c : F, v ∈ eigenspace S c) ↔ (∃ c : F, v ∈ eigenspace T c)) :
  S * T = T * S := by",Fintype.card; LinearIndependent; LinearIndependent.span_eq_top_of_card_eq_finrank'; LinearMap.ker; LinearMap.mem_ker; LinearMap.sub_apply; Set.range; Submodule; Submodule.span; Submodule.span_le.mpr; Subtype.coe_injective,3,,"For every eigenvalue of `T`, pick a corresponding nonzero eigenvector.; The chosen eigenvectors form a linearly independent family because their eigenvalues are distinct.; This linearly independent family has as many elements as the dimension of `V`,; Show that `(S * T) - (T * S)` annihilates every chosen eigenvector.; The commutator vanishes on the span of the eigenvectors, hence on the whole sp…","have h_exists : ∀ l : T.Eigenvalues, ∃ v : V, T.HasEigenvector (l : F) v := by intro l exact Module.End.HasEigenvalue.exists_hasEigenvector (f := T) (μ := (l : F)) l.property","import Mathlib
open Fintype Complex Polynomial LinearMap FiniteDimensional Module Module.End
open scoped BigOperators

theorem Axler_exercise_5_20 {F V : Type*} [AddCommGroup V] [Field F]
  [Module F V] [FiniteDimensional F V] {S T : End F V}
  (h1 : card (T.Eigenvalues) = finrank F V)
  (h2 : ∀ v : V, (∃ c : F, v ∈ eigenspace S c) ↔ (∃ c : F, v ∈ eigenspace T c)) :
  S * T = T * S := by
  classical
  -- Step 1: For every eigenvalue of `T`, pick a corresponding nonzero eigenvector.
  have h_exists :
      ∀ l : T.Eigenvalues, ∃ v : V, T.HasEigenvector (l : F) v := by
    intro l
    exact Module.End.HasEigenvalue.exists_hasEigenvector (f := T) (μ := (l : F)) l.property
  -- Step 1.1: Use the axiom of choice to obtain a concrete eigenvector for each eigenvalue.
  choose eigenvec h_eigenvec using h_exists
  -- Step 2: The chosen eigenvectors form a linearly independent family because their eigenvalues are distinct.
  have h_linearIndependent :
      LinearIndependent F fun l : T.Eigenvalues ↦ eigenvec l :=
    T.eigenvectors_linearIndependent' (fun l : T.Eigenvalues ↦ (l : F)) Subtype.coe_injective
      (fun l ↦ eigenvec l) (fun l ↦ h_eigenvec l)
  -- Step 3: This linearly independent family has as many elements as the dimension of `V`,
  --         hence it spans the whole space.
  have h_span :
      Submodule.span F (Set.range fun l : T.Eigenvalues ↦ eigenvec l) = ⊤ := by
    -- Step 3.1: Convert the cardinality hypothesis to the language expected by the lemma.
    have h_card : Fintype.card T.Eigenvalues = finrank F V := by
      simpa using h1
    -- Step 3.2: Apply the spanning lemma for a linearly independent family of maximal size.
    exact
      LinearIndependent.span_eq_top_of_card_eq_finrank' h_linearIndependent h_card
  -- Step 4: Show that `(S * T) - (T * S)` annihilates every chosen eigenvector.
  have h_comm_on_basis :
      ∀ l : T.Eigenvalues, ((S * T) - (T * S)) (eigenvec l) = 0 := by
    intro l
    -- Step 4.1: Record the eigenvector equation for `T`.
    have h_T_apply : T (eigenvec l) = (l : F) • eigenvec l :=
      (Module.End.HasEigenvector.apply_eq_smul (h_eigenvec l))
    -- Step 4.2: Use the hypothesis that eigenvectors of `T` are also eigenvectors of `S`.
    have h_mem_T : eigenvec l ∈ eigenspace T (l : F) :=
      (Module.End.hasEigenvector_iff.mp (h_eigenvec l)).1
    have h_mem_S :
        ∃ μ : F, eigenvec l ∈ eigenspace S μ :=
      (h2 (eigenvec l)).mpr ⟨(l : F), h_mem_T⟩
    -- Step 4.3: Pick the corresponding eigenvalue `μ` for `S` and write down the eigenvector equation.
    obtain ⟨μ, h_S_mem⟩ := h_mem_S
    have h_S_apply : S (eigenvec l) = μ • eigenvec l :=
      (mem_eigenspace_iff).1 h_S_mem
    -- Step 4.4: Compute the commutator `(S * T) - (T * S)` on `eigenvec λ`.
    --           Both sides act by successive scalar multiplications, so the difference is zero.
    have h_ST :
        (S * T) (eigenvec l) = ((l : F) * μ) • eigenvec l := by
      -- Step 4.4.1: Apply `S` to the scalar multiple produced by `T`.
      simp [Module.End.mul_apply, h_T_apply, h_S_apply, smul_smul]
    have h_TS :
        (T * S) (eigenvec l) = (μ * (l : F)) • eigenvec l := by
      -- Step 4.4.2: Apply `T` to the scalar multiple produced by `S`.
      simp [Module.End.mul_apply, h_T_apply, h_S_apply, smul_smul]
    -- Step 4.4.3: Subtract the two expressions; the scalars coincide, so the result is zero.
    simp [LinearMap.sub_apply, h_ST, h_TS, mul_comm]
  -- Step 5: The commutator vanishes on the span of the eigenvectors, hence on the whole space.
  have h_span_le :
      Submodule.span F (Set.range fun l : T.Eigenvalues ↦ eigenvec l) ≤
        LinearMap.ker ((S * T) - (T * S)) := by
    -- Step 5.1: A linear map that is zero on generators is zero on the span.
    refine Submodule.span_le.mpr ?_
    -- Step 5.2: Every generator is of the form `eigenvec λ`.
    rintro x ⟨l, rfl⟩
    -- Step 5.3: Translate the vanishing equation into membership in the kernel.
    simpa [LinearMap.mem_ker] using h_comm_on_basis l
  -- Step 5.4: Combine the previous steps to see that every vector lies in the kernel.
  have h_top_le :
      (⊤ : Submodule F V) ≤ LinearMap.ker ((S * T) - (T * S)) := by
    simpa [h_span] using h_span_le
  -- Step 5.5: Conclude that the commutator is the zero map.
  have h_zero :
      (S * T) - (T * S) = 0 := by
    ext v
    -- Step 5.5.1: Every `v` belongs to the kernel because the kernel contains `⊤`.
    have hv : v ∈ LinearMap.ker ((S * T) - (T * S)) :=
      h_top_le (by simp)
    -- Step 5.5.2: Translate kernel membership back to the defining equality.
    simpa [LinearMap.mem_ker] using hv
  -- Step 6: Reinterpret the vanishing commutator as the desired commutativity statement.
  simpa using sub_eq_zero.mp h_zero"
proofnet-30,abstract_algebra,medium,reproducible,Let $x$ be an element of $G$. Prove that $x^2=1$ if and only if $|x|$ is either $1$ or $2$.,import Mathlib open Fintype Subgroup Set Polynomial Ideal open scoped BigOperators,"theorem Dummit_Foote_exercise_1_1_16 {G : Type*} [Group G]
  (x : G) : x ^ 2 = 1 ↔ (orderOf x = 1 ∨ orderOf x = 2) := by",Nat.dvd_prime; Nat.prime_two; orderOf_dvd_iff_pow_eq_one; pow_orderOf_eq_one,3,,Split the equivalence into the forward and backward implications.; Turn the power equality into a divisibility statement for `orderOf x`.; Use that `2` is prime to enumerate the possible values of `orderOf x`.; Conclude the forward implication with the obtained alternatives.; Perform case analysis on the two possible orders.,constructor · -- Step 2: Assume the hypothesis that `h : x ^ 2 = 1`. intro h,"import Mathlib
open Fintype Subgroup Set Polynomial Ideal
open scoped BigOperators

theorem Dummit_Foote_exercise_1_1_16 {G : Type*} [Group G]
  (x : G) : x ^ 2 = 1 ↔ (orderOf x = 1 ∨ orderOf x = 2) := by
  -- Step 1: Split the equivalence into the forward and backward implications.
  constructor
  · -- Step 2: Assume the hypothesis that `h : x ^ 2 = 1`.
    intro h
    -- Step 3: Turn the power equality into a divisibility statement for `orderOf x`.
    have hx_dvd : orderOf x ∣ 2 := by
      -- Step 3.1: Apply `orderOf_dvd_iff_pow_eq_one` to convert `x ^ 2 = 1` into `orderOf x ∣ 2`.
      exact
        (orderOf_dvd_iff_pow_eq_one (x := x) (n := 2)).mpr
          (by simpa using h)
    -- Step 4: Use that `2` is prime to enumerate the possible values of `orderOf x`.
    have hx_options : orderOf x = 1 ∨ orderOf x = 2 :=
      (Nat.dvd_prime Nat.prime_two).1 hx_dvd
    -- Step 5: Conclude the forward implication with the obtained alternatives.
    exact hx_options
  · -- Step 6: Assume that the order of `x` is either `1` or `2`.
    intro hx
    -- Step 7: Perform case analysis on the two possible orders.
    rcases hx with hx1 | hx2
    · -- Step 7.1: Handle the case `orderOf x = 1`.
      have hpow : x ^ orderOf x = 1 := pow_orderOf_eq_one (x := x)
      -- Step 7.2: Rewrite to show that `x = 1`.
      have hx_eq_one : x = 1 := by
        -- Step 7.2.1: Specialize the previous equality to obtain `x ^ 1 = 1`.
        have : x ^ 1 = 1 := by simpa [hx1] using hpow
        -- Step 7.2.2: Simplify the power to conclude `x = 1`.
        simpa using this
      -- Step 7.3: Substitute `x = 1` to obtain `x ^ 2 = 1`.
      simp [hx_eq_one]
    · -- Step 7.4: Handle the case `orderOf x = 2`.
      have hpow : x ^ orderOf x = 1 := pow_orderOf_eq_one (x := x)
      -- Step 7.4.1: Directly rewrite using `orderOf x = 2` to conclude `x ^ 2 = 1`.
      simpa [hx2] using hpow"
proofnet-31,abstract_algebra,medium,reproducible,Let $x$ and $y$ be elements of $G$. Prove that $xy=yx$ if and only if $y^{-1}xy=x$ if and only if $x^{-1}y^{-1}xy=1$.,import Mathlib open Fintype Subgroup Set Polynomial Ideal open scoped BigOperators,"theorem Dummit_Foote_exercise_1_1_18 {G : Type*} [Group G]
  (x y : G) : (x * y = y * x ↔ y⁻¹ * x * y = x) ∧ (y⁻¹ * x * y = x ↔ x⁻¹ * y⁻¹ * x * y = 1) := by",Group; Inv.inv,3,,"The target is a conjunction of two equivalences, so four implications in all; each is a rearrangement of the same group identity.; For the first, multiplying the commuting relation on the left by the inverse of one element moves it across, and multiplying back recovers it.; For the second, the conjugate equals the original exactly when their quotient is the identity, which is what the third expre…",constructor · -- Step 1.1: Show `x * y = y * x` if and only if `y⁻¹ * x * y = x`. constructor · -- Step 1.1.1: Assume the commutativity relation and derive the conjugation equality. intro h_comm,"import Mathlib
open Fintype Subgroup Set Polynomial Ideal
open scoped BigOperators

theorem Dummit_Foote_exercise_1_1_18 {G : Type*} [Group G]
  (x y : G) : (x * y = y * x ↔ y⁻¹ * x * y = x) ∧ (y⁻¹ * x * y = x ↔ x⁻¹ * y⁻¹ * x * y = 1) := by
  -- Step 1: Break the overall target into the conjunction of two equivalences.
  constructor
  · -- Step 1.1: Show `x * y = y * x` if and only if `y⁻¹ * x * y = x`.
    constructor
    · -- Step 1.1.1: Assume the commutativity relation and derive the conjugation equality.
      intro h_comm
      -- Step 1.1.1.1: Multiply both sides of the commutativity equation on the left by `y⁻¹`.
      have h_helper := congrArg (fun z => y⁻¹ * z) h_comm
      -- Step 1.1.1.2: Simplify to obtain `y⁻¹ * x * y = x`.
      simpa [mul_assoc] using h_helper
    · -- Step 1.1.2: Assume the conjugation equality and conclude commutativity.
      intro h_conj
      -- Step 1.1.2.1: Multiply both sides of the given equality on the left by `y`.
      have h_helper := congrArg (fun z => y * z) h_conj
      -- Step 1.1.2.2: Simplify to reach `x * y = y * x`.
      simpa [mul_assoc] using h_helper
  · -- Step 2: Show `y⁻¹ * x * y = x` if and only if `x⁻¹ * y⁻¹ * x * y = 1`.
    constructor
    · -- Step 2.1: Assume the conjugation equality and obtain the identity after multiplying by `x⁻¹`.
      intro h_conj
      -- Step 2.1.1: Multiply both sides on the left by `x⁻¹`.
      have h_helper := congrArg (fun z => x⁻¹ * z) h_conj
      -- Step 2.1.2: Simplify to deduce `x⁻¹ * y⁻¹ * x * y = 1`.
      simpa [mul_assoc] using h_helper
    · -- Step 2.2: Assume the identity statement and recover the conjugation equality.
      intro h_id
      -- Step 2.2.1: Multiply both sides on the left by `x`.
      have h_helper := congrArg (fun z => x * z) h_id
      -- Step 2.2.2: Simplify to conclude `y⁻¹ * x * y = x`.
      simpa [mul_assoc] using h_helper"
proofnet-39,abstract_algebra,hard,reproducible,Show that the subgroup of all rotations in a dihedral group is a maximal subgroup.,import Mathlib open Fintype Subgroup Set Polynomial Ideal open scoped BigOperators,"theorem Dummit_Foote_exercise_2_4_16b {n : ℕ} {hn : n ≠ 0}
  {R : Subgroup (DihedralGroup n)}
  (hR : R = Subgroup.closure {DihedralGroup.r 1}) :
  R ≠ ⊤ ∧
  ∀ K : Subgroup (DihedralGroup n), R ≤ K → K = R ∨ K = ⊤ := by",NeZero; Or.inl; Or.inr; ZMod; ZMod.intCast_surjective; by_cases,3,,"Maximality is two claims: the rotation subgroup is proper, and nothing sits strictly between it and the whole group.; It is proper because a reflection is not a rotation.; For the second, a subgroup strictly containing it must contain some reflection; a reflection together with all rotations generates the whole dihedral group, since every reflection is a rotation composed with that one.",have hR_zpowers :,"import Mathlib
open Fintype Subgroup Set Polynomial Ideal
open scoped BigOperators

theorem Dummit_Foote_exercise_2_4_16b {n : ℕ} {hn : n ≠ 0}
  {R : Subgroup (DihedralGroup n)}
  (hR : R = Subgroup.closure {DihedralGroup.r 1}) :
  R ≠ ⊤ ∧
  ∀ K : Subgroup (DihedralGroup n), R ≤ K → K = R ∨ K = ⊤ := by
  classical
  -- Step 0: upgrade the hypothesis `hn` to a reusable type-class witness.
  haveI : NeZero n := ⟨hn⟩
  -- Step 1: recognise `R` as the subgroup of all integer powers of the basic rotation.
  -- Step 1.1: the standard lemma `zpowers_eq_closure` performs the identification.
  have hR_zpowers :
      Subgroup.zpowers (DihedralGroup.r (1 : ZMod n)) = R := by
    exact
      (Subgroup.zpowers_eq_closure (DihedralGroup.r (1 : ZMod n))).trans hR.symm
  -- Step 2: prove that every rotation necessarily lies inside `R`.
  -- Step 2.1: fix an arbitrary rotation index and pick an integer representative.
  have hr_mem : ∀ j : ZMod n, DihedralGroup.r j ∈ R := by
    intro j
    -- Step 2.2: use surjectivity of `ℤ → ZMod n` to choose an exponent producing `j`.
    obtain ⟨m, hm⟩ := (ZMod.intCast_surjective (n := n)) j
    -- Step 2.3: integer powers of `r 1` belong to the `zpowers` subgroup by construction.
    have hmem :
        (DihedralGroup.r (1 : ZMod n)) ^ m
          ∈ Subgroup.zpowers (DihedralGroup.r (1 : ZMod n)) :=
      Subgroup.zpow_mem_zpowers _ m
    -- Step 2.4: reinterpret the membership using the description from Step 1.
    have hmemR :
        (DihedralGroup.r (1 : ZMod n)) ^ m ∈ R := by
      simpa [hR_zpowers] using hmem
    -- Step 2.5: rewrite the power as the required rotation.
    simpa [DihedralGroup.r_one_zpow (n := n) (k := m), hm] using hmemR
  -- Step 3: establish that the fundamental reflection can never lie in `R`.
  have h_sr_not_mem :
      DihedralGroup.sr (0 : ZMod n) ∉ R := by
    -- Step 3.1: argue by contradiction, moving back to the `zpowers` viewpoint.
    intro hmem
    have hzpow :
        DihedralGroup.sr (0 : ZMod n)
          ∈ Subgroup.zpowers (DihedralGroup.r (1 : ZMod n)) := by
      simpa [hR_zpowers] using hmem
    -- Step 3.2: extract the corresponding exponent and translate into an equality.
    rcases Subgroup.mem_zpowers_iff.mp hzpow with ⟨m, hm⟩
    have hrot :
        DihedralGroup.r (m : ZMod n) = DihedralGroup.sr (0 : ZMod n) := by
      simp [DihedralGroup.r_one_zpow (n := n) (k := m)] at hm
    -- Step 3.3: exploit constructor disjointness to reach a contradiction.
    have hne :
        DihedralGroup.r (m : ZMod n) ≠ DihedralGroup.sr (0 : ZMod n) := by
      -- Step 3.3.1: `simp` with decidable equality distinguishes rotations from reflections.
      simp
    exact hne hrot
  -- Step 4: assemble the properness and maximality conclusions.
  refine ⟨?_, ?_⟩
  -- Step 4.1: if `R = ⊤`, the forbidden reflection would belong to `R`, contradiction.
  · intro htop
    have hmem :
        DihedralGroup.sr (0 : ZMod n) ∈ R := by
      simp [htop]
    exact h_sr_not_mem hmem
  -- Step 4.2: any subgroup strictly bigger than `R` must already equal the whole group.
  · intro K hRK
    by_cases hKR : K = R
    · -- Step 4.2.1: equality gives the first disjunct.
      exact Or.inl hKR
    · -- Step 4.2.2: otherwise extract an element of `K` that escapes `R`.
      have hnotle : ¬ K ≤ R := by
        intro hle
        exact hKR ((le_antisymm hRK hle).symm)
      -- Step 4.2.2.1: the negated inclusion yields a concrete counterexample.
      have hx_exists :
          ∃ x : DihedralGroup n, x ∈ K ∧ x ∉ R := by
        classical
        by_contra h
        apply hnotle
        intro x hxK
        by_contra hxR
        exact h ⟨x, hxK, hxR⟩
      obtain ⟨x, hxK, hxR⟩ := hx_exists
      -- Step 4.2.3: analyse whether the witness is a rotation or a reflection.
      cases' x with i i
      · -- Step 4.2.3.1: rotations always lie in `R`, contradiction.
        exact (hxR (hr_mem i)).elim
      · -- Step 4.2.3.2: a reflection forces `K` to absorb all reflections.
        -- Step 4.2.3.2.1: build the canonical reflection `sr 0` using the available rotation.
        have hsr0 :
            DihedralGroup.sr (0 : ZMod n) ∈ K := by
          have hrot_neg : DihedralGroup.r (-i) ∈ K := hRK (hr_mem (-i))
          have hmul :
              DihedralGroup.sr i * DihedralGroup.r (-i) ∈ K :=
            K.mul_mem hxK hrot_neg
          simpa [DihedralGroup.sr_mul_r] using hmul
        -- Step 4.2.3.2.2: thereafter every reflection enters via `sr 0 * r j`.
        have h_ref_mem : ∀ j : ZMod n, DihedralGroup.sr j ∈ K := by
          intro j
          have hmul :
              DihedralGroup.sr (0 : ZMod n) * DihedralGroup.r j ∈ K :=
            K.mul_mem hsr0 (hRK (hr_mem j))
          simpa [DihedralGroup.sr_mul_r] using hmul
        -- Step 4.2.3.2.3: confirm that every element of the dihedral group lies in `K`.
        have htop_le : ⊤ ≤ K := by
          intro g _
          cases' g with j j
          · -- Step 4.2.3.2.3.1: rotations are already in `K`.
            exact hRK (hr_mem j)
          · -- Step 4.2.3.2.3.2: reflections are handled by the previous sub-step.
            exact h_ref_mem j
        -- Step 4.2.3.2.4: thus `K` must coincide with the whole group.
        exact Or.inr (le_antisymm le_top htop_le)"
proofnet-40,abstract_algebra,easy,reproducible,Let $A$ be an abelian group and let $B$ be a subgroup of $A$. Prove that $A / B$ is abelian.,import Mathlib open Fintype Subgroup Set Polynomial Ideal open scoped BigOperators,"theorem Dummit_Foote_exercise_3_1_3a {A : Type*} [CommGroup A] (B : Subgroup A) :
  ∀ a b : A ⧸ B, a*b = b*a := by",CommGroup; Subgroup,3,,"Introduce arbitrary cosets `a` and `b` in the quotient group `A ⧸ B`; Apply the commutativity law in the quotient commutative group `A ⧸ B`,",simpa using (mul_comm a b),"import Mathlib
open Fintype Subgroup Set Polynomial Ideal
open scoped BigOperators

theorem Dummit_Foote_exercise_3_1_3a {A : Type*} [CommGroup A] (B : Subgroup A) :
  ∀ a b : A ⧸ B, a*b = b*a := by
  -- Step 1: Introduce arbitrary cosets `a` and `b` in the quotient group `A ⧸ B`
  --         so that we can reason pointwise about their product.
  intro a b
  -- Step 2: Apply the commutativity law in the quotient commutative group `A ⧸ B`,
  --         which it inherits from the ambient commutative group `A`.
  -- Step 2.1: The lemma `mul_comm a b` explicitly states the desired equality, so we conclude with it.
  simpa using (mul_comm a b)"
proofnet-41,abstract_algebra,easy,reproducible,Prove that the intersection of an arbitrary nonempty collection of normal subgroups of a group is a normal subgroup (do not assume the collection is countable).,import Mathlib open Fintype Subgroup Set Polynomial Ideal open scoped BigOperators,"theorem Dummit_Foote_exercise_3_1_22b {G : Type*} [Group G] (I : Type*) [Nonempty I]
  (H : I → Subgroup G) (hH : ∀ i : I, Normal (H i)) :
  Normal (⨅ (i : I), H i) := by",Group; Nonempty; Normal; Subgroup,3,single_line_proof,"Recognize that the infimum `⨅ (i : I), H i` is definitionally the `iInf` of the family `H`.; Aim to invoke `Subgroup.normal_iInf_normal`, which states that the infimum of normal subgroups is normal.",exact Subgroup.normal_iInf_normal (fun i => hH i),"import Mathlib
open Fintype Subgroup Set Polynomial Ideal
open scoped BigOperators

theorem Dummit_Foote_exercise_3_1_22b {G : Type*} [Group G] (I : Type*) [Nonempty I]
  (H : I → Subgroup G) (hH : ∀ i : I, Normal (H i)) :
  Normal (⨅ (i : I), H i) := by
  -- Step 1: Recognize that the infimum `⨅ (i : I), H i` is definitionally the `iInf` of the family `H`.
  -- Step 2: Aim to invoke `Subgroup.normal_iInf_normal`, which states that the infimum of normal subgroups is normal.
  -- Step 2.1: Supply the lemma with the hypothesis `hH`, witnessing that each `H i` is normal.
  exact Subgroup.normal_iInf_normal (fun i => hH i)"
proofnet-52,abstract_algebra,hard,reproducible,Prove that a group of order 312 has a normal Sylow $p$-subgroup for some prime $p$ dividing its order.,import Mathlib open Fintype Subgroup Set Polynomial Ideal open scoped BigOperators,"theorem Dummit_Foote_exercise_4_5_14 {G : Type*} [Group G] [Fintype G]
  (hG : card G = 312) :
  ∃ (p : ℕ) (P : Sylow p G), p.Prime ∧ (p ∣ card G) ∧ P.Normal := by",Fact; Nat.Coprime; Nat.Prime; Nat.card; Nat.card_eq_fintype_card; Nat.card_eq_one_iff_unique; Nat.card_pos; Nat.coprime_comm; Nat.dvd_trans; Nat.le_of_dvd; Nat.lt_of_not_ge; Nat.modEq_iff_dvd'; Nat.mul_le_mul_left; Nat.sub_add_cancel; Nat.succ; Nat.succ_eq_add_one; Nat.succ_le_of_lt; Nat.succ_le_su…,3,,"Three hundred and twelve factors as eight times three times thirteen, so the count of Sylow subgroups for thirteen must divide twenty-four and be one more than a multiple of thirteen.; The only such number is one, so there is exactly one Sylow thirteen-subgroup.; A unique Sylow subgroup is normal, since conjugation permutes the Sylow subgroups for a given prime.",have hprime13 : Nat.Prime 13 := by decide,"import Mathlib
open Fintype Subgroup Set Polynomial Ideal
open scoped BigOperators

theorem Dummit_Foote_exercise_4_5_14 {G : Type*} [Group G] [Fintype G]
  (hG : card G = 312) :
  ∃ (p : ℕ) (P : Sylow p G), p.Prime ∧ (p ∣ card G) ∧ P.Normal := by
  -- Step 1: Activate classical logic so that we can select explicit Sylow subgroups.
  classical
  -- Step 2: Confirm that 13 is prime, as required for applying Sylow theory.
  have hprime13 : Nat.Prime 13 := by decide
  -- Step 3: Provide the primality of 13 as an instance for the Sylow API.
  haveI : Fact (Nat.Prime 13) := ⟨hprime13⟩
  -- Step 4: Deduce from the group order that 13 divides |G|.
  have hdiv_card : 13 ∣ card G := by
    -- Step 4.1: Rewrite |G| as 312 and use arithmetic divisibility.
    simp [hG]
  -- Step 5: Choose a specific Sylow 13-subgroup for detailed analysis.
  obtain ⟨P⟩ := (inferInstance : Nonempty (Sylow 13 G))
  -- Step 6: Let n denote the number of Sylow 13-subgroups in G.
  set n : ℕ := Nat.card (Sylow 13 G) with hn
  -- Step 6.1: Record that n is congruent to 1 modulo 13 by Sylow's third theorem.
  have hmod : n ≡ 1 [MOD 13] := by
    -- Step 6.1.1: Specialize the congruence statement to the chosen prime and group.
    simpa [n] using (card_sylow_modEq_one (p := 13) (G := G))
  -- Step 6.2: Note that n is not divisible by 13, again by Sylow's third theorem.
  have hnotdiv : ¬ 13 ∣ n := by
    -- Step 6.2.1: Apply the non-divisibility result and rewrite in terms of n.
    simpa [n] using (not_dvd_card_sylow (p := 13) (G := G))
  -- Step 6.3: Observe that n divides the index of the chosen Sylow subgroup.
  have hdiv_index : n ∣ P.index := by
    -- Step 6.3.1: Use the standard divisor relation between Sylow counts and indices.
    simpa [n] using (Sylow.card_dvd_index (p := 13) (G := G) P)
  -- Step 6.4: The index of P always divides the group order.
  have hindex_dvd : P.index ∣ card G := by
    -- Step 6.4.1: Convert the `Nat.card` formulation into the usual finite cardinals.
    simpa [Nat.card_eq_fintype_card] using (P.1.index_dvd_card)
  -- Step 6.5: Combine the two divisibility facts to see that n divides |G|.
  have hdvd_cardG : n ∣ card G := Nat.dvd_trans hdiv_index hindex_dvd
  -- Step 6.6: Rewrite the preceding statement numerically using |G| = 312.
  have hdvd312 : n ∣ 312 := by
    -- Step 6.6.1: Substitute the given value of |G|.
    simpa [hG] using hdvd_cardG
  -- Step 6.7: Package the coprimality between n and 13 from the non-divisibility.
  have hcoprime : Nat.Coprime n 13 := by
    -- Step 6.7.1: Swap the order after applying the prime coprime criterion.
    simpa [Nat.coprime_comm] using (hprime13.coprime_iff_not_dvd).2 hnotdiv
  -- Step 6.8: Record the factorization 312 = 13 * 24 for later arithmetic manipulation.
  have h312 : 312 = 13 * 24 := by decide
  -- Step 6.9: Use coprimality to improve the divisor information from 312 to 24.
  have hdvd24 : n ∣ 24 := by
    -- Step 6.9.1: First view the divisor relation with 312 as a divisor relation with 13 * 24.
    have hdvdMul : n ∣ 13 * 24 := by
      -- Step 6.9.1.1: Replace 312 with 13 * 24 explicitly.
      simpa [h312] using hdvd312
    -- Step 6.9.2: Cancel the co-prime factor 13 to deduce n ∣ 24.
    exact hcoprime.dvd_of_dvd_mul_left hdvdMul
  -- Step 6.10: Ensure n is positive because there exists at least one Sylow subgroup.
  have hpos : 0 < n := by
    -- Step 6.10.1: The type of Sylow subgroups is nonempty, so its cardinal is positive.
    have : 0 < Nat.card (Sylow 13 G) := Nat.card_pos
    -- Step 6.10.2: Translate this inequality into the notation involving n.
    simpa [n] using this
  -- Step 6.11: Bound n above by 24 using the divisibility information.
  have hle24 : n ≤ 24 := Nat.le_of_dvd (by decide : 0 < 24) hdvd24
  -- Step 6.12: Note that n is at least 1 because it is positive.
  have h1le : 1 ≤ n := Nat.succ_le_of_lt hpos
  -- Step 6.13: Express the congruence as the statement that 13 divides n - 1.
  have hdvdminus : 13 ∣ n - 1 := (Nat.modEq_iff_dvd' h1le).1 hmod.symm
  -- Step 6.14: Introduce an integer k such that n - 1 = 13 * k.
  obtain ⟨k, hk⟩ := hdvdminus
  -- Step 6.15: Rewrite n explicitly in terms of k.
  have hkdef : n = 13 * k + 1 := by
    -- Step 6.15.1: Add 1 back to the equality n - 1 = 13 * k.
    have hSubAdd : (n - 1) + 1 = n := Nat.sub_add_cancel h1le
    calc
      n = (n - 1) + 1 := hSubAdd.symm
      _ = 13 * k + 1 := by simp [hk, add_comm]
  -- Step 6.16: Translate the upper bound on n into an upper bound on 13 * k + 1.
  have hkBound : 13 * k + 1 ≤ 24 := by
    -- Step 6.16.1: Substitute the expression for n obtained above.
    simpa [hkdef] using hle24
  -- Step 6.17: From the previous inequality, obtain a bound on 13 * k.
  have hk_le23 : 13 * k ≤ 23 := by
    -- Step 6.17.1: Work with successor inequalities to remove the +1 shift.
    have hk_succ : Nat.succ (13 * k) ≤ Nat.succ 23 := by
      -- Step 6.17.1.1: Express the inequality in successor form and simplify.
      simpa [Nat.succ_eq_add_one, hkdef] using hkBound
    -- Step 6.17.2: Remove the successor on both sides to recover the desired bound.
    exact (Nat.succ_le_succ_iff).1 hk_succ
  -- Step 6.18: Show that k cannot exceed 1, using the previous bound.
  have hk_le1 : k ≤ 1 := by
    -- Step 6.18.1: Argue by contradiction, assuming k ≥ 2.
    by_contra hk_gt
    -- Step 6.18.2: Turn the negated inequality into the concrete lower bound k ≥ 2.
    have hk_ge2 : 2 ≤ k := Nat.succ_le_of_lt (Nat.lt_of_not_ge hk_gt)
    -- Step 6.18.3: Multiply the inequality by 13 to compare with hk_le23.
    have hk_ge26 : 26 ≤ 13 * k := by
      -- Step 6.18.3.1: Use monotonicity of multiplication by positive naturals.
      have := Nat.mul_le_mul_left 13 hk_ge2
      -- Step 6.18.3.2: Simplify the resulting inequality numerically.
      simpa using this
    -- Step 6.18.4: Combine the lower and upper bounds to reach an impossibility.
    have hk_contra : 26 ≤ 23 := le_trans hk_ge26 hk_le23
    -- Step 6.18.5: Conclude by contradicting the obvious fact that 26 ≰ 23.
    exact (by decide : ¬ 26 ≤ 23) hk_contra
  -- Step 6.19: List the only possible values of k based on the bound k ≤ 1.
  have hk_cases : k = 0 ∨ k = 1 := by
    -- Step 6.19.1: Inspect the value of k directly using the bound k ≤ 1.
    cases hk : k with
    | zero =>
        -- Step 6.19.1.1: The case k = 0 is immediate.
        exact Or.inl rfl
    | succ k' =>
        -- Step 6.19.1.2: Analyze the case k = k' + 1 under the assumption k ≤ 1.
        have hk_succ_le : Nat.succ k' ≤ Nat.succ 0 := by
          -- Step 6.19.1.2.1: Rewrite the inequality using the hypothesis hk_le1.
          simpa [hk, Nat.succ_eq_add_one] using hk_le1
        have hk'_le0 : k' ≤ 0 := (Nat.succ_le_succ_iff).1 hk_succ_le
        -- Step 6.19.1.2.2: Conclude that k' = 0 and therefore k = 1.
        have hk'_zero : k' = 0 := le_antisymm hk'_le0 (Nat.zero_le _)
        exact Or.inr (by simp [hk'_zero])
  -- Step 6.20: Conclude that n itself must be 1 by inspecting the two cases for k.
  have hcardOne : n = 1 := by
    -- Step 6.20.1: Discuss the two possibilities for k.
    cases hk_cases with
    | inl hk0 =>
        -- Step 6.20.1.1: When k = 0, the expression for n immediately yields n = 1.
        simp [hkdef, hk0]
    | inr hk1 =>
        -- Step 6.20.1.2: When k = 1, n would equal 14, contradicting n ∣ 24.
        have : 14 ∣ 24 := by
          -- Step 6.20.1.2.1: Substitute k = 1 into the divisor relation n ∣ 24.
          simp [hkdef, hk1] at hdvd24
        -- Step 6.20.1.2.2: Reach a contradiction because 14 does not divide 24.
        exact False.elim ((by decide : ¬ 14 ∣ 24) this)
  -- Step 6.21: Translate the conclusion back into the language of Sylow subgroups.
  have hcardNat : Nat.card (Sylow 13 G) = 1 := by simpa [n] using hcardOne
  -- Step 6.22: Deduce that the type of Sylow 13-subgroups is a subsingleton.
  have hsubsingleton : Subsingleton (Sylow 13 G) :=
    (Nat.card_eq_one_iff_unique).1 hcardNat |>.1
  -- Step 6.23: Use the subsingleton property to conclude that the chosen Sylow subgroup is normal.
  have hnormal : P.Normal := by
    -- Step 6.23.1: Treat the subsingleton information as an instance.
    letI : Subsingleton (Sylow 13 G) := hsubsingleton
    -- Step 6.23.2: Invoke the standard fact that a unique Sylow subgroup is normal.
    exact Sylow.normal_of_subsingleton (p := 13) (G := G) P
  -- Step 7: Assemble the required witness prime, Sylow subgroup, and properties.
  refine ⟨13, P, ?_⟩
  -- Step 7.1: Provide the primality of 13 and package the remaining goals.
  refine ⟨hprime13, ?_⟩
  -- Step 7.2: Present the divisibility and normality facts to finish the proof.
  exact ⟨hdiv_card, hnormal⟩"
proofnet-59,abstract_algebra,easy,reproducible,Prove that if $R$ is an integral domain and $x^{2}=1$ for some $x \in R$ then $x=\pm 1$.,import Mathlib open Fintype Subgroup Set Polynomial Ideal open scoped BigOperators,"theorem Dummit_Foote_exercise_7_1_11 {R : Type*} [CommRing R] [IsDomain R]
  {x : R} (hx : x^2 = 1) : x = 1 ∨ x = -1 := by",CommRing; IsDomain,3,,Turn the equation `x^2 = 1` into a factored product that equals zero.; Use the integral-domain property (no zero divisors) to split the zero product.; Translate each zero-factor case into the desired equalities for `x`.,have hfactor : (x - 1) * (x + 1) = 0 := by,"import Mathlib
open Fintype Subgroup Set Polynomial Ideal
open scoped BigOperators

theorem Dummit_Foote_exercise_7_1_11 {R : Type*} [CommRing R] [IsDomain R]
  {x : R} (hx : x^2 = 1) : x = 1 ∨ x = -1 := by
  -- Step 1: Turn the equation `x^2 = 1` into a factored product that equals zero.
  --         The classical identity `(x - 1) * (x + 1) = x^2 - 1` lets us connect
  --         our hypothesis with a product of two simpler factors.
  have hfactor : (x - 1) * (x + 1) = 0 := by
    -- Step 1.1: Rewrite the product into the difference of squares.
    --           The `ring` tactic carries out the algebraic expansion and simplification.
    calc
      (x - 1) * (x + 1) = x^2 - 1 := by ring
      -- Step 1.2: Replace `x^2` with `1` using `hx`, then simplify the arithmetic.
      _ = 0 := by simp [hx]
  -- Step 2: Use the integral-domain property (no zero divisors) to split the zero product.
  have hzero : x - 1 = 0 ∨ x + 1 = 0 := by
    -- In a domain, a product is zero only if one factor is zero.
    exact mul_eq_zero.mp hfactor
  -- Step 3: Translate each zero-factor case into the desired equalities for `x`.
  cases hzero with
  | inl h =>
      -- Step 3.1: From `x - 1 = 0`, deduce directly that `x = 1`.
      left
      exact sub_eq_zero.mp h
  | inr h =>
      -- Step 3.2: From `x + 1 = 0`, deduce that `x = -1`.
      right
      exact eq_neg_of_add_eq_zero_left h"
proofnet-60,abstract_algebra,hard,reproducible,A ring $R$ is called a Boolean ring if $a^{2}=a$ for all $a \in R$. Prove that every Boolean ring is commutative.,import Mathlib open Fintype Subgroup Set Polynomial Ideal open scoped BigOperators,"theorem Dummit_Foote_exercise_7_1_15 {R : Type*} [Ring R] (hR : ∀ a : R, a^2 = a) :
∀ a b : R, a*b = b*a := by",add_assoc; add_comm; add_left_cancel; add_mul; add_right_cancel; pow_two,3,,Show every element is its own additive inverse (`-a = a`).; Deduce that doubling any element is zero (`a + a = 0`).; Prove commutativity by examining the square of a sum.,"have h_neg : ∀ a : R, -a = a := by","import Mathlib
open Fintype Subgroup Set Polynomial Ideal
open scoped BigOperators

theorem Dummit_Foote_exercise_7_1_15 {R : Type*} [Ring R] (hR : ∀ a : R, a^2 = a) :
∀ a b : R, a*b = b*a := by
  -- Step 1: show every element is its own additive inverse (`-a = a`).
  have h_neg : ∀ a : R, -a = a := by
    -- Step 1.1: apply idempotency to the element `-a`.
    intro a
    have h1 : (-a)^2 = -a := hR (-a)
    -- Step 1.2: rewrite `(-a)^2` as `a * a` using basic ring simplifications.
    have h1' : a * a = -a := by
      simpa [pow_two] using h1
    -- Step 1.3: rewrite `a^2` as `a` using the given hypothesis.
    have h2' : a * a = a := by
      simpa [pow_two] using hR a
    -- Step 1.4: combine the two equalities to obtain `-a = a`.
    calc
      -a = a * a := by
        symm
        exact h1'
      _ = a := h2'

  -- Step 2: deduce that doubling any element is zero (`a + a = 0`).
  have h_two : ∀ a : R, a + a = 0 := by
    intro a
    -- Step 2.1: start from `-a = a` and add `a` to both sides.
    have h' := congrArg (fun x => x + a) (h_neg a)
    -- Step 2.2: simplify `-a + a` to `0` to obtain `0 = a + a`.
    have h'' : 0 = a + a := by
      simpa using h'
    -- Step 2.3: flip the equality to get the desired orientation.
    simpa [add_comm] using h''.symm

  -- Step 3: prove commutativity by examining the square of a sum.
  intro a b
  -- Step 3.1: expand `(a + b)^2` explicitly.
  have h_expand : (a + b)^2 = a * a + a * b + b * a + b * b := by
    -- Step 3.1.1: replace the power by a product.
    calc
      (a + b)^2 = (a + b) * (a + b) := by
        simp [pow_two]
      _ = a * (a + b) + b * (a + b) := by
        -- distribute the right factor over the left sum.
        simpa using add_mul a b (a + b)
      _ = (a * a + a * b) + (b * a + b * b) := by
        -- distribute the left factor over the right sum in each addend.
        simp [mul_add, add_assoc]
      _ = a * a + a * b + b * a + b * b := by
        -- reassociate to a flat sum.
        simp [add_assoc]

  -- Step 3.2: simplify the expanded equality using the idempotent property for `a` and `b`.
  have ha : a * a = a := by
    -- Step 3.2.1: direct consequence of `hR` applied to `a`.
    simpa [pow_two] using hR a
  have hb : b * b = b := by
    -- Step 3.2.2: direct consequence of `hR` applied to `b`.
    simpa [pow_two] using hR b

  -- Step 3.3: rewrite `(a + b)^2 = a + b` with the expanded form and simplify.
  have h_eq : a + a * b + b * a + b = a + b := by
    -- Step 3.3.1: start from the given equality `(a + b)^2 = a + b`.
    have h_sq : (a + b)^2 = a + b := hR (a + b)
    -- Step 3.3.2: substitute the explicit expansion of `(a + b)^2`.
    have h_sq' : a * a + a * b + b * a + b * b = a + b := by
      simpa [h_expand] using h_sq
    -- Step 3.3.3: replace `a * a` and `b * b` with `a` and `b` respectively.
    simpa [ha, hb, add_assoc] using h_sq'

  -- Step 3.4: isolate the mixed terms to obtain `a * b + b * a = 0`.
  have h_mixed : a * b + b * a = 0 := by
    -- Step 3.4.1: rewrite `h_eq` so that the leading `a` is isolated.
    have h1 : a + (a * b + b * a + b) = a + b := by
      calc
        a + (a * b + b * a + b) = a + a * b + b * a + b := by
          simp [add_assoc]
        _ = a + b := h_eq
    -- Step 3.4.2: cancel the leading `a` from both sides.
    have h2 : a * b + b * a + b = b := by
      exact add_left_cancel h1
    -- Step 3.4.3: rewrite the right side as `0 + b` to cancel `b` on the right.
    have h2' : a * b + b * a + b = 0 + b := by
      simpa using h2
    -- Step 3.4.4: cancel the trailing `b` from both sides to isolate the mixed terms.
    have h3 : a * b + b * a = 0 := by
      exact add_right_cancel h2'
    -- Step 3.4.5: register the resulting equality.
    exact h3

  -- Step 3.5: convert `a * b + b * a = 0` into `a * b = b * a` using characteristic two.
  have h_comm : a * b = b * a := by
    -- Step 3.5.1: from `h_mixed` we know `a * b = -(b * a)`.
    have h_neg_ba : a * b = -(b * a) := eq_neg_of_add_eq_zero_left h_mixed
    -- Step 3.5.2: but `-(b * a)` equals `b * a` thanks to `h_neg`.
    have h_self : -(b * a) = b * a := h_neg (b * a)
    -- Step 3.5.3: combine the two equalities.
    exact h_neg_ba.trans h_self

  -- Step 3.6: return the desired commutativity statement.
  exact h_comm"
proofnet-62,abstract_algebra,medium,reproducible,An ideal $N$ is called nilpotent if $N^{n}$ is the zero ideal for some $n \geq 1$. Prove that the ideal $p \mathbb{Z} / p^{m} \mathbb{Z}$ is a nilpotent ideal in the ring $\mathbb{Z} / p^{m} \mathbb{Z}$.,import Mathlib open Fintype Subgroup Set Polynomial Ideal open scoped BigOperators,"theorem Dummit_Foote_exercise_7_3_37 {p m : ℕ} (_hp : p.Prime) :
  IsNilpotent (span ({↑p} : Set $ ZMod $ p^m) : Ideal $ ZMod $ p^m) := by",Nat.cast_pow; Nat.pow_succ; Nat.succ,3,,"Introduce the ideal generated by the image of `p` in `ZMod (p^m)` to simplify notation.; Rewrite the `Nat.succ m`-th power of the principal ideal using the general power formula.; Prove that the generator `((p : ZMod (p^m)) ^ Nat.succ m)` is actually zero in the ring.; Conclude that the specified power of `I` is the zero ideal, hence nilpotent.",(span ({(↑p : ZMod (p^m))} : Set (ZMod (p^m)))) with hI,"import Mathlib
open Fintype Subgroup Set Polynomial Ideal
open scoped BigOperators

theorem Dummit_Foote_exercise_7_3_37 {p m : ℕ} (_hp : p.Prime) :
  IsNilpotent (span ({↑p} : Set $ ZMod $ p^m) : Ideal $ ZMod $ p^m) := by
  -- Step 1: Introduce the ideal generated by the image of `p` in `ZMod (p^m)` to simplify notation.
  set I : Ideal (ZMod (p^m)) :=
    (span ({(↑p : ZMod (p^m))} : Set (ZMod (p^m)))) with hI
  -- Step 1.1: With this notation in place, supply the nilpotency witness that we will verify.
  refine ⟨Nat.succ m, ?_⟩
  -- Step 2: Rewrite the `Nat.succ m`-th power of the principal ideal using the general power formula.
  have hpow :
      I ^ Nat.succ m =
        span ({((p : ZMod (p^m)) ^ Nat.succ m)} : Set (ZMod (p^m))) := by
    -- Step 2.1: Apply `Ideal.span_singleton_pow` to convert the ideal power into a span of a single element.
    simpa [I] using
      (Ideal.span_singleton_pow (s := (p : ZMod (p^m))) (n := Nat.succ m))
  -- Step 3: Prove that the generator `((p : ZMod (p^m)) ^ Nat.succ m)` is actually zero in the ring.
  have hpPowZero :
      ((p : ZMod (p^m)) ^ Nat.succ m) = 0 := by
    -- Step 3.1: Show that `p ^ m` divides `p ^ (m + 1)` inside the natural numbers.
    have hDiv : p ^ m ∣ p ^ Nat.succ m := by
      -- Step 3.1.1: Use the explicit witness `p`, together with the standard power formula.
      refine ⟨p, ?_⟩
      -- Step 3.1.1.1: Simplify the right-hand side with the recursive definition of powers.
      simp [Nat.pow_succ]
    -- Step 3.2: Translate the divisibility statement into the vanishing of the corresponding element of `ZMod`.
    have hCast :
        ((p ^ Nat.succ m : ℕ) : ZMod (p^m)) = 0 := by
      -- Step 3.2.1: Invoke the `ZMod` criterion: a natural number maps to zero iff it is divisible by the modulus.
      exact (ZMod.natCast_eq_zero_iff (a := p ^ Nat.succ m) (b := p ^ m)).2 hDiv
    -- Step 3.3: Re-express the element as a power of the class of `p` and obtain the desired vanishing.
    simpa [Nat.cast_pow] using hCast
  -- Step 4: Conclude that the specified power of `I` is the zero ideal, hence nilpotent.
  simp [hpow, hpPowZero]"
proofnet-64,abstract_algebra,hard,reproducible,"Prove that if an integer is the sum of two rational squares, then it is the sum of two integer squares.",import Mathlib open Fintype Subgroup Set Polynomial Ideal open scoped BigOperators,"theorem Dummit_Foote_exercise_8_3_4 {n : ℤ} {r s : ℚ}
  (h : r^2 + s^2 = n) :
  ∃ a b : ℤ, a^2 + b^2 = n := by",Even; Fact; Int.natAbs; Int.natAbs_eq_zero.mp; Nat.eq_sq_add_sq_iff; Nat.even_add; Nat.mul_pos; Nat.ne_of_gt; Nat.primeFactors_mono; Nat.prime_of_mem_primeFactors; Nat.zero_le; Rat.num_div_den; abs_of_nonneg; by_cases; padicValNat.mul; padicValNat.pow; pow_ne_zero; pow_two,3,,"Zero is a sum of two squares trivially, so set that case aside and assume the integer is nonzero.; A sum of two rational squares is nonnegative, so the integer is a nonnegative integer expressible as a sum of two rational squares.; The classification of such integers by their prime factorisation is insensitive to whether the squares are rational or integral: primes congruent to three modulo four …",have hsum_nonneg : (0 : ℚ) ≤ r ^ 2 + s ^ 2 := by have hr := sq_nonneg r have hs := sq_nonneg s nlinarith,"import Mathlib
open Fintype Subgroup Set Polynomial Ideal
open scoped BigOperators

theorem Dummit_Foote_exercise_8_3_4 {n : ℤ} {r s : ℚ}
  (h : r^2 + s^2 = n) :
  ∃ a b : ℤ, a^2 + b^2 = n := by
  classical
  /- Step 0: Split off the easy zero case for `n`. -/
  by_cases hn : n = 0
  · /- Step 0.1: When `n = 0`, take the obvious witnesses `0` and `0`. -/
    refine ⟨0, 0, by simp [hn]⟩
  /- Step 1: Show that the integer `n` is non‑negative, since it is a sum of squares. -/
  have hn_nonneg : 0 ≤ n := by
    -- Step 1.1: Each square in ℚ is non‑negative, so their sum is non‑negative.
    have hsum_nonneg : (0 : ℚ) ≤ r ^ 2 + s ^ 2 := by
      have hr := sq_nonneg r
      have hs := sq_nonneg s
      nlinarith
    -- Step 1.2: Transport the inequality from ℚ back to ℤ using the identity `h`.
    have : (0 : ℚ) ≤ n := by simpa [h] using hsum_nonneg
    exact_mod_cast this
  /- Step 2: Fix a common positive denominator and the corresponding integer numerators. -/
  -- Step 2.1: Choose the common denominator `d = r.den * s.den`.
  set d : ℕ := r.den * s.den with hdDef
  have hd_pos : 0 < d := by
    -- Both denominators are positive by definition.
    have := Nat.mul_pos r.den_pos s.den_pos
    simpa [hdDef] using this
  -- Step 2.2: Define the cleared numerators `x` and `y` in ℤ.
  let x : ℤ := r.num * s.den
  let y : ℤ := s.num * r.den
  /- Step 3: Clear denominators in the equality `r^2 + s^2 = n`
     to obtain an integer identity. -/
  have h_int :
      (x ^ 2 + y ^ 2 : ℤ) = n * (d ^ 2 : ℤ) := by
    -- Step 3.1: Rewrite `r` and `s` explicitly as `num / den`.
    have h' :
        ((r.num : ℚ) / r.den) ^ 2 + ((s.num : ℚ) / s.den) ^ 2 = (n : ℚ) := by
      simpa [Rat.num_div_den] using h
    -- Step 3.2: Clear denominators; now they are explicit.
    have h'' := h'
    field_simp [pow_two, hdDef] at h''
    -- Step 3.3: Rephrase the cleared equality using the abbreviations `x`, `y`, and `d`.
    -- After `field_simp`, both sides live in ℤ.
    have h''' :
        r.num ^ 2 * (s.den : ℤ) ^ 2 + s.num ^ 2 * (r.den : ℤ) ^ 2 =
          n * (d ^ 2 : ℤ) := by
      -- The cleared equality lives in ℚ; simplify casts to see it in ℤ.
      have h'''' : (r.num ^ 2 * (s.den : ℤ) ^ 2 + (r.den : ℤ) ^ 2 * s.num ^ 2 : ℚ) =
          (n : ℚ) * (d : ℚ) ^ 2 := by
        -- `field_simp` already multiplied by `(r.den * s.den)^2 = d^2`.
        simpa [pow_two, hdDef, mul_comm, mul_left_comm, mul_assoc] using h''
      -- Reorder the second term to match the target orientation and cast down to ℤ.
      have h''''' : (r.num ^ 2 * (s.den : ℤ) ^ 2 + s.num ^ 2 * (r.den : ℤ) ^ 2 : ℚ) =
          (n : ℚ) * (d : ℚ) ^ 2 := by
        simpa [mul_comm] using h''''
      exact_mod_cast h'''''
    -- Step 3.4: Replace the expanded products by the squares of `x` and `y`,
    -- and recognise the right‑hand side as `n * d^2`.
    calc
      (x ^ 2 + y ^ 2 : ℤ)
          = r.num ^ 2 * (s.den : ℤ) ^ 2 + s.num ^ 2 * (r.den : ℤ) ^ 2 := by
            -- Expand each square of a product separately.
            have hx_sq : x ^ 2 = r.num ^ 2 * (s.den : ℤ) ^ 2 := by
              dsimp [x]
              ring
            have hy_sq : y ^ 2 = s.num ^ 2 * (r.den : ℤ) ^ 2 := by
              dsimp [y]
              ring
            -- Replace `x ^ 2` and `y ^ 2` using the two identities.
            simp [hx_sq, hy_sq]
      _ = n * (d ^ 2 : ℤ) := h'''
  /- Step 4: Move to natural numbers so that we can invoke the sum‑of‑two‑squares
     characterization from number theory. -/
  -- Step 4.1: Interpret the left and right of `h_int` as natural numbers (they are non‑negative).
  have hx_sq_nonneg : (0 : ℤ) ≤ x ^ 2 := by exact sq_nonneg _
  have hy_sq_nonneg : (0 : ℤ) ≤ y ^ 2 := by exact sq_nonneg _
  have h_rhs_nonneg : (0 : ℤ) ≤ n * (d ^ 2 : ℤ) := by
    -- Both factors are non‑negative: `n` by Step 1 and `d^2` trivially.
    have hd2_nonneg : (0 : ℤ) ≤ (d ^ 2 : ℤ) := by
      have : (0 : ℕ) ≤ d ^ 2 := Nat.zero_le _
      exact_mod_cast this
    exact mul_nonneg hn_nonneg hd2_nonneg
  -- Step 4.2: Replace squares by squares of absolute values, then descend to ℕ.
  have h_int_natAbs :
      (x.natAbs : ℤ) ^ 2 + (y.natAbs : ℤ) ^ 2 = (n.natAbs : ℤ) * (d ^ 2 : ℤ) := by
    -- Step 4.2.1: Squares ignore signs, so we can pass to absolute values.
    have hx_sq : (x.natAbs : ℤ) ^ 2 = x ^ 2 := by
      have hx_abs : (x.natAbs : ℤ) = |x| := by simp
      simp [hx_abs]
    have hy_sq : (y.natAbs : ℤ) ^ 2 = y ^ 2 := by
      have hy_abs : (y.natAbs : ℤ) = |y| := by simp
      simp [hy_abs]
    have hn_abs : (n.natAbs : ℤ) = n := by
      -- `n` is non‑negative by Step 1, so its absolute value is itself.
      have := abs_of_nonneg hn_nonneg
      simpa using this
    calc
      (x.natAbs : ℤ) ^ 2 + (y.natAbs : ℤ) ^ 2
          = x ^ 2 + y ^ 2 := by simp
      _ = n * (d ^ 2 : ℤ) := h_int
      _ = (n.natAbs : ℤ) * (d ^ 2 : ℤ) := by simp [hn_abs]
  have h_nat :
      n.natAbs * d ^ 2 =
        (Int.natAbs x) ^ 2 + (Int.natAbs y) ^ 2 := by
    -- Cast the integer equality with absolute values down to ℕ.
    exact_mod_cast h_int_natAbs.symm
  -- Step 4.3: Package the explicit witnesses for the product being a sum of two squares.
  have h_exists_prod :
      ∃ a b : ℕ, n.natAbs * d ^ 2 = a ^ 2 + b ^ 2 :=
    ⟨Int.natAbs x, Int.natAbs y, h_nat⟩
  /- Step 5: Use the parity characterization `Nat.eq_sq_add_sq_iff`
     to deduce that `n.natAbs` itself is a sum of two squares. -/
  -- Step 5.1: Extract the “even valuation at primes 3 mod 4” property for the product.
  have h_even_prod :
      ∀ q ∈ (n.natAbs * d ^ 2).primeFactors, q % 4 = 3 →
        Even (padicValNat q (n.natAbs * d ^ 2)) :=
    (Nat.eq_sq_add_sq_iff (n := n.natAbs * d ^ 2)).mp h_exists_prod
  -- Step 5.2: Show the same evenness property for `n.natAbs` alone.
  have h_even_n :
      ∀ q ∈ n.natAbs.primeFactors, q % 4 = 3 → Even (padicValNat q n.natAbs) := by
    intro q hq_mem hq4
    -- Extract primality and divisibility from membership in primeFactors.
    have hq := Nat.prime_of_mem_primeFactors hq_mem
    -- Show q is in primeFactors of the product via monotonicity.
    have hprod_ne : n.natAbs * d ^ 2 ≠ 0 :=
      mul_ne_zero (fun h => hn (Int.natAbs_eq_zero.mp h))
        (pow_ne_zero _ (Nat.ne_of_gt hd_pos))
    have hq_mem_prod : q ∈ (n.natAbs * d ^ 2).primeFactors :=
      Nat.primeFactors_mono (dvd_mul_right n.natAbs (d ^ 2)) hprod_ne hq_mem
    have h_even_prod_q := h_even_prod q hq_mem_prod hq4
    -- Compute the valuation of the product as the sum of valuations.
    have hd_ne_zero : d ^ 2 ≠ 0 := by
      exact pow_ne_zero _ (Nat.ne_of_gt hd_pos)
    -- Register the primality instance required by `padicValNat.mul` and `pow`.
    haveI : Fact q.Prime := ⟨hq⟩
    -- Split into the zero and non‑zero cases for `n.natAbs`.
    by_cases hzero : n.natAbs = 0
    · -- If `n = 0`, the valuation is 0 and hence even.
      simp [hzero]
    · -- Otherwise we can use the multiplicative rule for valuations.
      have h_val :
          padicValNat q (n.natAbs * d ^ 2) =
            padicValNat q n.natAbs + padicValNat q (d ^ 2) :=
        padicValNat.mul (p := q) (a := n.natAbs) (b := d ^ 2) hzero hd_ne_zero
      -- The second summand is even because it is twice a valuation.
      have h_even_dsq : Even (padicValNat q (d ^ 2)) := by
        have hd_ne : d ≠ 0 := Nat.ne_of_gt hd_pos
        -- Use the power rule: v_q(d^2) = 2 * v_q(d).
        have hpow := padicValNat.pow (p := q) (a := d) (n := 2) hd_ne
        -- Conclude evenness via the factor 2.
        have : Even (2 * padicValNat q d) := even_two_mul _
        simp [hpow]
      -- Translate evenness of the sum into evenness of the first addend.
      have h_even_sum :
          Even (padicValNat q n.natAbs + padicValNat q (d ^ 2)) := by
        simpa [h_val] using h_even_prod_q
      -- Parity of a sum implies both summands have the same parity; use the evenness of the second.
      have h_parity := (Nat.even_add).mp h_even_sum
      exact h_parity.mpr h_even_dsq
  -- Step 5.3: Invoke the characterization to obtain the desired representation of `n.natAbs`.
  obtain ⟨aN, bN, h_sum_nat⟩ :=
    (Nat.eq_sq_add_sq_iff (n := n.natAbs)).2 h_even_n
  /- Step 6: Convert the natural-number witnesses back to integers
     and rewrite the target equality in ℤ. -/
  -- Step 6.1: Cast the equality `n.natAbs = aN^2 + bN^2` to ℤ.
  have h_sum_int : (n.natAbs : ℤ) = (aN ^ 2 : ℕ) + bN ^ 2 := by
    exact_mod_cast h_sum_nat
  -- Step 6.2: Replace `n.natAbs` by `n` using non‑negativity.
  have h_cast_natAbs : (n.natAbs : ℤ) = n := by
    -- For non‑negative integers, the absolute value equals the integer itself.
    have := abs_of_nonneg hn_nonneg
    simpa using this
  -- Step 6.3: Assemble the final integer witnesses.
  refine ⟨(aN : ℤ), (bN : ℤ), by
    -- Replace `(aN^2 : ℕ)` by `(aN : ℤ)^2`, and similarly for `bN`.
    have h_cast_sq : (aN : ℤ) ^ 2 + (bN : ℤ) ^ 2 = (aN ^ 2 : ℕ) + bN ^ 2 := by
      norm_cast
    -- Combine all the rewrites to conclude.
    calc
      (aN : ℤ) ^ 2 + (bN : ℤ) ^ 2
          = (aN ^ 2 : ℕ) + bN ^ 2 := by exact h_cast_sq
      _ = (n.natAbs : ℤ) := by exact h_sum_int.symm
      _ = n := h_cast_natAbs
    ⟩"
proofnet-68,abstract_algebra,hard,reproducible,Prove that $x^6+30x^5-15x^3 + 6x-120$ is irreducible in $\mathbb{Z}[x]$.,import Mathlib import Mathlib.Tactic.ComputeDegree import Mathlib.Tactic.IntervalCases open Fintype Subgroup Set Polynomial Ideal open scoped BigOperators,"theorem Dummit_Foote_exercise_9_4_2b : Irreducible
  (X^6 + 30*X^5 - 15*X^3 + 6*X - 120 : Polynomial ℤ) := by",Fact; Ideal; Ideal.mem_span_singleton; Ideal.ne_top_iff_one; Ideal.span; Ideal.span_singleton_pow; Int.ideal_span_isMaximal_of_prime; Nat.Prime; Set; WithBot; add_assoc; add_comm; pow_two,3,,"The coefficients suggest Eisenstein's criterion; the prime to test is three, since it divides every coefficient except the leading one.; Check the three conditions in turn: three divides each lower coefficient, three does not divide the leading coefficient, and nine does not divide the constant term.; Eisenstein then gives irreducibility over the rationals, and primitivity carries it back to the …",have hP_max : P.IsMaximal := by,"import Mathlib
import Mathlib.Tactic.ComputeDegree
import Mathlib.Tactic.IntervalCases
open Fintype Subgroup Set Polynomial Ideal
open scoped BigOperators

theorem Dummit_Foote_exercise_9_4_2b : Irreducible
  (X^6 + 30*X^5 - 15*X^3 + 6*X - 120 : Polynomial ℤ) := by
  /- Step 1: Introduce a name for the polynomial and the Eisenstein prime ideal. -/
  -- Step 1.1: Define the polynomial `f : ℤ[X]` whose irreducibility we want to prove.
  set f : Polynomial ℤ := X^6 + 30*X^5 - 15*X^3 + 6*X - 120 with hf_def
  -- Step 1.2: Define the ideal `P = (3)` in ℤ, which will be our Eisenstein prime ideal.
  let P : Ideal ℤ := Ideal.span ({(3 : ℤ)} : Set ℤ)

  /- Step 2: Show that `P` is a prime (indeed maximal) ideal of ℤ. -/
  -- Step 2.1: Use the fact that the ideal generated by a prime natural number is maximal in ℤ.
  have hP_max : P.IsMaximal := by
    -- Step 2.1.1: Provide the fact that 3 is a prime natural number.
    let _ : Fact (Nat.Prime 3) := ⟨by decide⟩
    -- Step 2.1.2: Use the mathlib instance stating that `(3)` is maximal in ℤ.
    simpa [P] using (Int.ideal_span_isMaximal_of_prime (p := 3))
  -- Step 2.2: Extract that `P` is prime and proper.
  have hP_prime : P.IsPrime := hP_max.isPrime
  have hP_ne_top : (P : Ideal ℤ) ≠ ⊤ := hP_prime.ne_top

  /- Step 3: Compute the degree and leading coefficient of `f`, and deduce that it is monic and primitive. -/
  -- Step 3.1: Compute the natural degree `natDegree` of `f` (it is 6).
  have hdeg_nat : f.natDegree = 6 := by
    -- `compute_degree!` automatically computes the degree of explicit polynomials.
    unfold f
    compute_degree!
  -- Step 3.2: Compute the usual degree `degree f` (with values in `WithBot ℕ`), also equal to 6.
  have hdeg_deg : f.degree = (6 : WithBot ℕ) := by
    unfold f
    compute_degree!
  -- Step 3.3: Compute the leading coefficient of `f` and show that it equals 1.
  have hf_leading : f.leadingCoeff = 1 := by
    -- Leading coefficient is the coefficient at `natDegree`; `compute_degree!` computes it.
    simp only [f, Polynomial.leadingCoeff, hdeg_nat]
    compute_degree!
  -- Step 3.4: Deduce that `f` is monic.
  have hf_monic : f.Monic := by
    -- By definition, a polynomial is monic iff its leading coefficient is 1.
    simp [Polynomial.Monic, hf_leading]
  -- Step 3.5: A monic polynomial over a domain is primitive (its coefficients have gcd 1).
  have hf_primitive : f.IsPrimitive := hf_monic.isPrimitive
  -- Step 3.6: The polynomial has positive degree (so it is non-constant).
  have hdeg_pos : 0 < f.degree := by
    -- Using the explicit computation `degree f = 6`, the inequality is immediate.
    simp [hdeg_deg]  -- `simp` rewrites the goal to `0 < (6 : WithBot ℕ)`.

  /- Step 4: Verify Eisenstein's conditions at the ideal `P = (3)`. -/
  -- Step 4.1: The leading coefficient is not in `P` (since `P` is proper, it does not contain 1).
  have hfl : f.leadingCoeff ∉ P := by
    -- Step 4.1.1: In a proper ideal, 1 is not a member.
    have h1 : (1 : ℤ) ∉ P := (Ideal.ne_top_iff_one _).1 hP_ne_top
    -- Step 4.1.2: Use `hf_leading` to replace `leadingCoeff f` with 1.
    simpa [hf_leading] using h1

  -- Step 4.2: All coefficients of degree strictly less than `degree f` lie in `P`.
  -- This is exactly the assumption that every non-leading coefficient is divisible by 3.
  have hfP : ∀ n : ℕ, (↑n : WithBot ℕ) < f.degree → f.coeff n ∈ P := by
    -- Step 4.2.1: Introduce an arbitrary natural number `n` below the degree of `f`.
    intro n hn_lt
    -- Step 4.2.2: Rewrite the inequality using the explicit degree `degree f = 6`.
    have hn_lt6 : n < 6 := by
      -- Here `hn_lt` is `n < degree f`; with `hdeg_deg` this becomes `n < 6`.
      simpa [hdeg_deg] using hn_lt
    -- Step 4.2.3: Show that `(3 : ℤ)` divides the coefficient `f.coeff n`.
    have hdiv : (3 : ℤ) ∣ f.coeff n := by
      -- Step 4.2.3.1: Use `interval_cases` together with `hn_lt6 : n < 6`
      -- to split into the six possibilities `n = 0,1,2,3,4,5`.
      interval_cases n
      -- Step 4.2.3.2: In each case, compute the coefficient explicitly and check divisibility by 3.
      · -- Case `n = 0`
        -- Coefficient is `-120`, clearly divisible by 3.
        simp [hf_def, sub_eq_add_neg]
      · -- Case `n = 1`
        -- Coefficient is `6`, clearly divisible by 3.
        simp [hf_def, sub_eq_add_neg]
      · -- Case `n = 2`
        -- Coefficient is `6 * X.coeff 2 = 3 * (2 * X.coeff 2)`.
        have hcoeff : f.coeff 2 = 6 * X.coeff 2 := by
          simp [hf_def, sub_eq_add_neg]
        -- Since `3 ∣ 6`, we have `3 ∣ 6 * X.coeff 2`.
        have hbase : (3 : ℤ) ∣ (6 : ℤ) := by
          exact ⟨2, by norm_num⟩
        have hmul : (3 : ℤ) ∣ 6 * X.coeff 2 :=
          dvd_mul_of_dvd_left hbase _
        simpa [hcoeff] using hmul
      · -- Case `n = 3`
        -- Coefficient is `-15 + 6 * X.coeff 3 = 3 * (-5 + 2 * X.coeff 3)`.
        have hcoeff : f.coeff 3 = -15 + 6 * X.coeff 3 := by
          simp [hf_def, sub_eq_add_neg, add_comm, add_assoc]
        -- Both `-15` and `6 * X.coeff 3` are divisible by 3, hence so is their sum.
        have h1 : (3 : ℤ) ∣ (-15 : ℤ) := by
          exact ⟨-5, by norm_num⟩
        have h2base : (3 : ℤ) ∣ (6 : ℤ) := by
          exact ⟨2, by norm_num⟩
        have h2 : (3 : ℤ) ∣ 6 * X.coeff 3 :=
          dvd_mul_of_dvd_left h2base _
        have hsum : (3 : ℤ) ∣ -15 + 6 * X.coeff 3 :=
          dvd_add h1 h2
        simpa [hcoeff] using hsum
      · -- Case `n = 4`
        -- Coefficient is `6 * X.coeff 4 = 3 * (2 * X.coeff 4)`.
        have hcoeff : f.coeff 4 = 6 * X.coeff 4 := by
          simp [hf_def, sub_eq_add_neg]
        have hbase : (3 : ℤ) ∣ (6 : ℤ) := by
          exact ⟨2, by norm_num⟩
        have hmul : (3 : ℤ) ∣ 6 * X.coeff 4 :=
          dvd_mul_of_dvd_left hbase _
        simpa [hcoeff] using hmul
      · -- Case `n = 5`
        -- Coefficient is `30 + 6 * X.coeff 5 = 3 * (10 + 2 * X.coeff 5)`.
        have hcoeff : f.coeff 5 = 30 + 6 * X.coeff 5 := by
          simp [hf_def, sub_eq_add_neg, add_comm, add_assoc]
        have h1 : (3 : ℤ) ∣ (30 : ℤ) := by
          exact ⟨10, by norm_num⟩
        have h2base : (3 : ℤ) ∣ (6 : ℤ) := by
          exact ⟨2, by norm_num⟩
        have h2 : (3 : ℤ) ∣ 6 * X.coeff 5 :=
          dvd_mul_of_dvd_left h2base _
        have hsum : (3 : ℤ) ∣ 30 + 6 * X.coeff 5 :=
          dvd_add h1 h2
        simpa [hcoeff] using hsum
    -- Step 4.2.4: Convert the divisibility statement into membership in the ideal `P = (3)`.
    have hx : f.coeff n ∈ (Ideal.span ({(3 : ℤ)} : Set ℤ)) := by
      -- Using `Ideal.mem_span_singleton`: `x ∈ (3)` iff `3 ∣ x`.
      simpa [Ideal.mem_span_singleton] using hdiv
    -- Step 4.2.5: Replace `Ideal.span {3}` with `P` to finish.
    simpa [P] using hx

  -- Step 4.3: The constant coefficient is not in `P^2`, i.e., it is not divisible by `3^2 = 9`.
  -- Step 4.3.1: First compute the constant coefficient `f.coeff 0`.
  have hcoeff0 : f.coeff 0 = (-120 : ℤ) := by
    -- Only the constant term `-120` contributes to the coefficient of degree 0.
    simp [hf_def, sub_eq_add_neg]
  -- Step 4.3.2: Show that this constant term is not in `P^2`.
  have h0 : f.coeff 0 ∉ P ^ 2 := by
    -- Suppose, for a contradiction, that `f.coeff 0 ∈ P^2`.
    refine fun h => ?_
    -- Step 4.3.2.1: First rewrite `P^2` as the principal ideal generated by `3^2`.
    have hP2 :
        P ^ 2 = Ideal.span ({(3 : ℤ) ^ 2} : Set ℤ) := by
      -- Here we use `P = span {3}` and `span_singleton_pow`.
      simpa [P] using (Ideal.span_singleton_pow (s := (3 : ℤ)) (n := 2))
    -- Using this equality, view `h` as a membership in `span {3^2}`.
    have h' : f.coeff 0 ∈ Ideal.span ({(3 : ℤ) ^ 2} : Set ℤ) := by
      simpa [hP2] using h
    -- Step 4.3.2.2: Membership in `span {3^2}` is equivalent to divisibility by `3^2`.
    have hdiv : ((3 : ℤ) ^ 2) ∣ f.coeff 0 := by
      -- `Ideal.mem_span_singleton` gives the divisibility interpretation.
      simpa [Ideal.mem_span_singleton] using h'
    -- Step 4.3.2.2: But `9` does not divide `-120`, a contradiction.
    simp [hcoeff0, pow_two] at hdiv

  /- Step 5: Apply the Eisenstein irreducibility lemma and translate back to the original polynomial. -/
  -- Step 5.1: Use `Polynomial.irreducible_of_eisenstein_criterion` with prime ideal `P = (3)`.
  have hirr_f : Irreducible f :=
    Polynomial.irreducible_of_eisenstein_criterion
      (f := f) (P := P) hP_prime hfl hfP hdeg_pos h0 hf_primitive
  -- Step 5.2: Rewrite `f` back to the original expression using `hf_def`.
  simpa [hf_def] using hirr_f"
proofnet-72,abstract_algebra,easy,reproducible,"If $G$ is a finite group, prove that there is an integer $m > 0$ such that $a^m = e$ for all $a \in G$.",import Mathlib open Fintype Set Real Ideal Polynomial open scoped BigOperators,"theorem Herstein_exercise_2_1_27 {G : Type*} [Group G]
  [Fintype G] : ∃ (m : ℕ), m > 0 ∧ ∀ (a : G), a ^ m = 1 := by",Nonempty; pow_card_eq_one,3,,Choose a concrete candidate for `m` by taking the number of elements of `G`.; Prove that this chosen `m` is strictly positive.; Show that every element raised to the `m`th power equals the identity.,"refine ⟨Fintype.card G, ?_, ?_⟩","import Mathlib
open Fintype Set Real Ideal Polynomial
open scoped BigOperators

theorem Herstein_exercise_2_1_27 {G : Type*} [Group G]
  [Fintype G] : ∃ (m : ℕ), m > 0 ∧ ∀ (a : G), a ^ m = 1 := by
  -- Step 1: Choose a concrete candidate for `m` by taking the number of elements of `G`.
  refine ⟨Fintype.card G, ?_, ?_⟩
  -- Step 2: Prove that this chosen `m` is strictly positive.
  -- Step 2.1: Exhibit an explicit element of `G` (namely `1`) to show that `G` is nonempty.
  -- Step 2.2: Apply `Fintype.card_pos_iff` to turn that witness into the desired positivity.
  ·
    have h_nonempty : Nonempty G := ⟨(1 : G)⟩
    exact Fintype.card_pos_iff.mpr h_nonempty
  -- Step 3: Show that every element raised to the `m`th power equals the identity.
  -- Step 3.1: Fix an arbitrary element `a : G`.
  -- Step 3.2: Use the standard result `pow_card_eq_one` for finite groups.
  · intro a
    exact pow_card_eq_one (G := G) (x := a)"
proofnet-75,abstract_algebra,hard,reproducible,"If $a > 1$ is an integer, show that $n \mid \varphi(a^n - 1)$, where $\phi$ is the Euler $\varphi$-function.",import Mathlib open Fintype Set Real Ideal Polynomial open scoped BigOperators,"theorem Herstein_exercise_2_4_36 {a n : ℕ} (h : a > 1) :
  n ∣ (a ^ n - 1).totient := by",Fintype.card; Nat.cast_add; Nat.cast_one; Nat.cast_pow; Nat.le_of_dvd; Nat.ne_of_gt; Nat.one_le_pow; Nat.one_lt_pow; Nat.pos_iff_ne_zero.mp; Nat.pos_of_ne_zero; Nat.pow_lt_pow_iff_right; Nat.sub_add_cancel; Nat.sub_lt_sub_right; Nat.sub_pos_of_lt; Nat.succ_le_of_lt; Nat.totient; Nat.zero_lt_one; Ne…,3,,"Split into the cases `n = 0` and `n ≠ 0`.; Work under the standing assumption `n ≠ 0`, so `n` is positive.","by_cases hn : n = 0 · -- Step 1.1: If `n = 0`, all quantities collapse to zero and the divisibility is immediate. subst hn simp","import Mathlib
open Fintype Set Real Ideal Polynomial
open scoped BigOperators

theorem Herstein_exercise_2_4_36 {a n : ℕ} (h : a > 1) :
  n ∣ (a ^ n - 1).totient := by
  classical
  -- Step 1: Split into the cases `n = 0` and `n ≠ 0`.
  by_cases hn : n = 0
  · -- Step 1.1: If `n = 0`, all quantities collapse to zero and the divisibility is immediate.
    subst hn
    simp
  -- Step 2: Work under the standing assumption `n ≠ 0`, so `n` is positive.
  have hnpos : 0 < n := Nat.pos_of_ne_zero hn
  -- Step 2.1: Introduce the modulus `m = a ^ n - 1` for the cyclic group argument.
  set m := a ^ n - 1 with hmdef
  -- Step 2.2: Record that `m` is positive because `a > 1` and `n > 0`.
  have ha_pos : 0 < a := lt_trans (Nat.zero_lt_one) h
  have hmpos : 0 < m := by
    -- Step 2.2.1: `a ^ n` strictly exceeds `1`, so the subtraction by `1` yields a positive number.
    have hpow_gt_one : 1 < a ^ n := Nat.one_lt_pow (n := n) (a := a) hn h
    exact Nat.sub_pos_of_lt hpow_gt_one
  -- Step 2.3: Show that `a` has order dividing `n` inside `ZMod m` by checking `a ^ n = 1`.
  have hpow_zmod : ((a : ZMod m) ^ n) = 1 := by
    -- Step 2.3.1: Rewrite the power using the `ℕ → ZMod` ring homomorphism.
    have hone_le : 1 ≤ a ^ n := Nat.one_le_pow n a ha_pos
    have hcalc :=
      congrArg (fun t : ℕ => (t : ZMod m)) (Nat.sub_add_cancel hone_le)
    have hmcast : ((m : ℕ) : ZMod m) = 0 := by
      simp [m]
    have hcast : ((a ^ n : ℕ) : ZMod m) = (1 : ZMod m) := by
      have hcalc' :
          ((a ^ n - 1 : ℕ) : ZMod m) + 1 = ((a ^ n : ℕ) : ZMod m) := by
        simpa using hcalc
      have hzero :
          ((a ^ n - 1 : ℕ) : ZMod m) = 0 := by
        have hcalc'' :
            ((a ^ n - 1 : ℕ) : ZMod m) + 1 = (1 : ZMod m) := by
          -- Step 2.3.1.1: Substitute the fact that `(a ^ n : ℕ)` reduces to `1`.
          simp
        -- Step 2.3.1.2: Subtract `1` on both sides to isolate the casted difference.
        have := congrArg (fun t : ZMod m => t - 1) hcalc''
        simp
      -- Step 2.3.1.3: Combine the facts to deduce that `a ^ n` maps to `1` in `ZMod m`.
      calc
        ((a ^ n : ℕ) : ZMod m)
            = ((a ^ n - 1 : ℕ) : ZMod m) + 1 := by
              simpa [Nat.cast_add, Nat.cast_one] using hcalc'.symm
        _ = 0 + 1 := by simp
        _ = 1 := by simp
    -- Step 2.3.2: Translate the previous computation back to the power of the class of `a`.
    simpa [Nat.cast_pow] using hcast
  -- Step 2.4: Exhibit the element of `(ZMod m)ˣ` represented by `a` together with its inverse.
  have hpow_succ :
      (a : ZMod m) ^ ((n - 1) + 1) = 1 := by
    -- Step 2.4.1: Re-express the exponent to match `pow_succ`.
    have hn_succ :
        (n - 1) + 1 = n := Nat.sub_add_cancel (Nat.succ_le_of_lt hnpos)
    simpa [hn_succ] using hpow_zmod
  have hmul_right :
      ((a : ZMod m) ^ (n - 1)) * (a : ZMod m) = 1 := by
    -- Step 2.4.2: Expand the `n`-th power using `pow_succ`.
    simpa [pow_succ] using hpow_succ
  have hmul_left :
      (a : ZMod m) * (a : ZMod m) ^ (n - 1) = 1 := by
    -- Step 2.4.3: Use commutativity to flip the factors.
    simpa [mul_comm] using hmul_right
  let u : Units (ZMod m) :=
    ⟨(a : ZMod m), (a : ZMod m) ^ (n - 1), hmul_left, hmul_right⟩
  -- Step 2.5: Prove that the order of `u` is exactly `n`.
  have hun_pow : u ^ n = 1 := by
    -- Step 2.5.1: Reduce to the equality already established inside `ZMod m`.
    ext
    simp [u, hpow_zmod]
  -- Step 2.5.2: Show that no smaller positive power of `u` can be equal to `1`.
  have hpow_ne :
      ∀ {k : ℕ}, k < n → 0 < k → u ^ k ≠ 1 := by
    -- Step 2.5.2.1: Assume towards a contradiction that a smaller positive power is `1`.
    intro k hklt hkpos hkunit
    -- Step 2.5.2.2: Translate the equality back to the ambient ring.
    have hval : ((a : ZMod m) ^ k) = 1 := by
      have := congrArg Units.val hkunit
      simpa [u] using this
    have hNatPowCast : ((a ^ k : ℕ) : ZMod m) = (1 : ZMod m) := by
      simpa [Nat.cast_pow] using hval
    -- Step 2.5.2.3: Infer that `m` divides `a ^ k - 1`.
    have hk_le : 1 ≤ a ^ k := Nat.one_le_pow k a ha_pos
    have hcalc :=
      congrArg (fun t : ℕ => (t : ZMod m)) (Nat.sub_add_cancel hk_le)
    have hcalc' :
        ((a ^ k - 1 : ℕ) : ZMod m) + 1 = ((a ^ k : ℕ) : ZMod m) := by
      simpa using hcalc
    have hzero :
        ((a ^ k - 1 : ℕ) : ZMod m) = 0 := by
      have hcalc'' :
          ((a ^ k - 1 : ℕ) : ZMod m) + 1 = (1 : ZMod m) := by
        simpa [hNatPowCast] using hcalc'
      have := congrArg (fun t : ZMod m => t - 1) hcalc''
      simpa using this
    have hdiv : m ∣ a ^ k - 1 :=
      (ZMod.natCast_eq_zero_iff (a ^ k - 1) m).1
        (by simpa using hzero)
    -- Step 2.5.2.4: Compare magnitudes to contradict the divisibility.
    have hpow_lt :
        a ^ k < a ^ n := (Nat.pow_lt_pow_iff_right h).2 hklt
    have hlt : a ^ k - 1 < m := by
      have hlt' :
          a ^ k - 1 < a ^ n - 1 :=
        Nat.sub_lt_sub_right (a := a ^ k) (b := a ^ n) (c := 1) hk_le hpow_lt
      simpa [m, hmdef] using hlt'
    have hk_ne : k ≠ 0 := Nat.pos_iff_ne_zero.mp hkpos
    have hpos : 0 < a ^ k - 1 :=
      Nat.sub_pos_of_lt (Nat.one_lt_pow (n := k) (a := a) hk_ne h)
    have hm_le : m ≤ a ^ k - 1 := Nat.le_of_dvd hpos hdiv
    have : m < m := lt_of_le_of_lt hm_le hlt
    exact lt_irrefl _ this
  -- Step 2.5.2: Invoke the characterization of the order via minimal positive powers.
  have horder_eq : orderOf u = n := by
    refine (orderOf_eq_iff hnpos).2 ?_
    exact ⟨hun_pow, fun m hm_lt hm_pos => hpow_ne hm_lt hm_pos⟩
  -- Step 2.6: Apply Lagrange’s theorem to translate the order information into divisibility.
  haveI : NeZero m := ⟨Nat.ne_of_gt hmpos⟩
  have horder_dvd :
      orderOf u ∣ Nat.totient m := by
    -- Step 2.6.1: Use the cardinality of `(ZMod m)ˣ`, which is the totient.
    have hcard :
        Fintype.card (Units (ZMod m)) = Nat.totient m :=
      ZMod.card_units_eq_totient (n := m)
    -- Step 2.6.2: Combine `orderOf_dvd_card` with the cardinality computation.
    simpa [hcard] using (orderOf_dvd_card (x := u))
  have hdiv : n ∣ Nat.totient m := by
    -- Step 2.6.3: Substitute the value of `orderOf u`.
    simpa [horder_eq] using horder_dvd
  -- Step 2.7: Replace `m` by `a ^ n - 1` to conclude.
  simpa [m, hmdef] using hdiv"
proofnet-82,abstract_algebra,medium,reproducible,"If $P$ is a $p$-Sylow subgroup of $G$ and $P \triangleleft G$, prove that $P$ is the only $p$-Sylow subgroup of $G$.",import Mathlib open Fintype Set Real Ideal Polynomial open scoped BigOperators,"theorem Herstein_exercise_2_11_6 {G : Type*} [Group G] {p : ℕ} (hp : Nat.Prime p)
  {P : Sylow p G} (hP : P.Normal) :
  ∀ (Q : Sylow p G), P = Q := by",IsPGroup; QuotientGroup.eq_one_iff; QuotientGroup.ker_mk'; QuotientGroup.mk'; Subgroup; Subgroup.le_comap_map,3,,"Take an arbitrary Sylow subgroup for the same prime and aim to show it coincides with the normal one.; Normality gives a quotient map; the image of the arbitrary subgroup under it is a p-subgroup of the quotient, and the preimage of that image is a p-subgroup containing the normal one.; Maximality among p-subgroups forces that preimage to be the normal subgroup itself, which contains the arbitrar…",have _ : Nat.Prime p := hp,"import Mathlib
open Fintype Set Real Ideal Polynomial
open scoped BigOperators

theorem Herstein_exercise_2_11_6 {G : Type*} [Group G] {p : ℕ} (hp : Nat.Prime p)
  {P : Sylow p G} (hP : P.Normal) :
  ∀ (Q : Sylow p G), P = Q := by
  -- Step 1: enable classical reasoning (the primality assumption enters through the Sylow data).
  classical
  -- Step 1.1: record the primality fact explicitly so that it is available for dependent lemmas.
  have _ : Nat.Prime p := hp
  -- Step 2: fix an arbitrary Sylow `p`-subgroup `Q` and upgrade `P`'s normality to an instance.
  intro Q
  letI : (P : Subgroup G).Normal := hP
  -- Step 3: introduce the natural quotient map `quotMap : G → G ⧸ P` produced by normality.
  let quotMap : G →* G ⧸ (P : Subgroup G) := QuotientGroup.mk' (P : Subgroup G)
  -- Step 3.1: observe that the kernel of `quotMap` is exactly `P`, hence a `p`-group.
  -- Step 3.1.1: identify the kernel explicitly via the canonical quotient formula.
  have hKer_eq : quotMap.ker = (P : Subgroup G) := by
    simp [quotMap, QuotientGroup.ker_mk']
  -- Step 3.1.2: transport the `p`-group structure along the identified kernel.
  have hKer : IsPGroup p quotMap.ker := by
    -- Step 3.1.2.1: carry the structure across the equality of subgroups.
    exact hKer_eq.symm ▸ P.2
  -- Step 3.2: the image of `Q` through `quotMap` remains a `p`-group.
  have hQMap : IsPGroup p (Q.map quotMap) := Q.2.map quotMap
  -- Step 3.3: consequently, the preimage of that image under `quotMap` is also a `p`-group.
  have hComap : IsPGroup p ((Q.map quotMap).comap quotMap) :=
    hQMap.comap_of_ker_isPGroup quotMap hKer
  -- Step 4: show that every element of `P` lies in the preimage of `Q.map quotMap`.
  have hP_le : (P : Subgroup G) ≤ (Q.map quotMap).comap quotMap := by
    intro x hx
    change quotMap x ∈ Q.map quotMap
    -- Step 4.1: an element of `P` maps to the identity in the quotient.
    have hx1 : quotMap x = 1 := by
      have hx1' : (x : G ⧸ (P : Subgroup G)) = 1 :=
        (QuotientGroup.eq_one_iff (N := (P : Subgroup G)) x).2 hx
      simpa [quotMap] using hx1'
    -- Step 4.2: deduce that the image belongs to `Q.map quotMap` because subgroups contain `1`.
    simp [hx1]
  -- Step 5: apply the maximality of `P` among `p`-subgroups to identify the preimage with `P`.
  have hComap_eq : (Q.map quotMap).comap quotMap = (P : Subgroup G) :=
    P.3 hComap hP_le
  -- Step 6: use the standard inclusion of a subgroup into the comap of its image to obtain `Q ≤ P`.
  have hQ_le_P : (Q : Subgroup G) ≤ (P : Subgroup G) := by
    have h := Subgroup.le_comap_map (f := quotMap) (Q : Subgroup G)
    simpa [hComap_eq] using h
  -- Step 7: invoke the maximality of `Q` to turn the inclusion into equality of underlying subgroups.
  have hSubgroups : (P : Subgroup G) = (Q : Subgroup G) :=
    Q.3 P.2 hQ_le_P
  -- Step 8: upgrade the equality of subgroups to an equality of Sylow subgroups.
  exact Sylow.ext hSubgroups"
proofnet-94,number_theory,hard,reproducible,For all odd $n$ show that $8 \mid n^{2}-1$.,import Mathlib open Real open scoped BigOperators,theorem Ireland_Rosen_exercise_1_27 {n : ℕ} (hn : Odd n) : 8 ∣ (n^2 - 1) := by,add_assoc; add_comm; add_left_comm; two_mul,3,,"Extract the witness that certifies n is odd, so that n = 2 * k + 1.; Rewrite n^2 - 1 using the representation n = 2 * k + 1.; Show that 8 divides the product 4 * k * (k + 1).; Combine the algebraic identity with the divisibility result.","obtain ⟨k, hk⟩ := hn","import Mathlib
open Real
open scoped BigOperators

theorem Ireland_Rosen_exercise_1_27 {n : ℕ} (hn : Odd n) : 8 ∣ (n^2 - 1) := by
  -- Step 1: Extract the witness that certifies n is odd, so that n = 2 * k + 1.
  obtain ⟨k, hk⟩ := hn
  -- Step 2: Rewrite n^2 - 1 using the representation n = 2 * k + 1.
  have hcalc : n^2 - 1 = 4 * k * (k + 1) := by
    -- Step 2.1: Substitute the expression for n coming from oddness.
    -- Step 2.2: Expand the square and reorganize terms to expose the factor 4 * k * (k + 1).
    have hsq : (2 * k + 1)^2 = 4 * k^2 + 4 * k + 1 := by
      -- Step 2.2.1: Expand (2 * k + 1)^2 into a polynomial in k.
      ring
    have hsub : (2 * k + 1)^2 - 1 = 4 * k^2 + 4 * k := by
      -- Step 2.2.2: Remove the final ""+ 1"" using the matching subtraction.
      calc
        (2 * k + 1)^2 - 1 = (4 * k^2 + 4 * k + 1) - 1 := by simp [hsq]
        _ = ((4 * k^2 + 4 * k) + 1) - 1 := by
              simp [add_comm]
        _ = 4 * k^2 + 4 * k := by
              simp
    have hfactor : 4 * k^2 + 4 * k = 4 * k * (k + 1) := by
      -- Step 2.2.3: Factor out the shared 4 and the linear term k.
      calc
        4 * k^2 + 4 * k = 4 * (k^2 + k) := by ring
        _ = 4 * k * (k + 1) := by ring
    -- Step 2.3: Combine the intermediate equalities to obtain the desired factorization.
    calc
      n^2 - 1 = (2 * k + 1)^2 - 1 := by simp [hk]
      _ = 4 * k^2 + 4 * k := hsub
      _ = 4 * k * (k + 1) := hfactor
  -- Step 3: Show that 8 divides the product 4 * k * (k + 1).
  have hdiv : 8 ∣ 4 * k * (k + 1) := by
    -- Step 3.1: Split on whether k is even or odd.
    obtain hkeven | hkodd := k.even_or_odd
    · -- Step 3.2: Treat the case where k is even.
      rcases hkeven with ⟨t, ht⟩
      -- Step 3.2.0: Rewrite the evenness witness into the more convenient form k = 2 * t.
      have ht2 : k = 2 * t := by
        -- Step 3.2.0.1: Replace the double addition by a multiplication by 2.
        simpa [two_mul, add_comm, add_left_comm] using ht
      -- Step 3.2.1: Produce the required witness for divisibility in the even case.
      refine ⟨t * (2 * t + 1), ?_⟩
      -- Step 3.2.2: Simplify the expression to factor out the 8 explicitly.
      calc
        4 * k * (k + 1)
            = 4 * (2 * t) * ((2 * t) + 1) := by simp [ht2]
        _ = 8 * t * ((2 * t) + 1) := by
              simp [mul_comm, mul_left_comm, mul_assoc]
        _ = 8 * (t * (2 * t + 1)) := by
              simp [mul_comm, mul_left_comm, mul_assoc]
    · -- Step 3.3: Treat the case where k is odd.
      rcases hkodd with ⟨t, ht⟩
      -- Step 3.3.0: Rewrite the oddness witness into the form k = 2 * t + 1.
      have ht2 : k = 2 * t + 1 := by
        -- Step 3.3.0.1: Convert the double addition into a multiplication by 2.
        simpa [two_mul, add_comm, add_left_comm, add_assoc] using ht
      -- Step 3.3.1: Produce the required witness for divisibility in the odd case.
      refine ⟨(2 * t + 1) * (t + 1), ?_⟩
      -- Step 3.3.2: Rewrite (k + 1) in terms of t and factor out the 8 explicitly.
      calc
        4 * k * (k + 1)
            = 4 * (2 * t + 1) * ((2 * t + 1) + 1) := by simp [ht2]
        _ = 4 * (2 * t + 1) * (2 * (t + 1)) := by
              simp [two_mul, add_comm, add_left_comm, add_assoc]
        _ = 8 * ((2 * t + 1) * (t + 1)) := by
              simp [mul_comm, mul_left_comm, mul_assoc]
  -- Step 4: Combine the algebraic identity with the divisibility result.
  -- Step 4.1: Replace n^2 - 1 by the factored form and conclude the proof.
  simpa [hcalc] using hdiv"
proofnet-95,number_theory,easy,reproducible,Show that 2 is divisible by $(1+i)^{2}$ in $\mathbb{Z}[i]$.,import Mathlib open Real open scoped BigOperators,"theorem Ireland_Rosen_exercise_1_31  : (⟨1, 1⟩ : GaussianInt) ^ 2 ∣ 2 := by",pow_two,3,l1_reveals_proof,"Choose the prospective quotient witnessing the divisibility; we take -i = ⟨0, -1⟩.; Show that ((1 + i)^2) * (-i) equals 2 by comparing real and imaginary parts.","refine ⟨⟨0, -1⟩, ?_⟩","import Mathlib
open Real
open scoped BigOperators

theorem Ireland_Rosen_exercise_1_31  : (⟨1, 1⟩ : GaussianInt) ^ 2 ∣ 2 := by
  -- Step 1: Choose the prospective quotient witnessing the divisibility; we take -i = ⟨0, -1⟩.
  refine ⟨⟨0, -1⟩, ?_⟩
  -- Step 2: Show that ((1 + i)^2) * (-i) equals 2 by comparing real and imaginary parts.
  -- Step 2.1: Expand (1 + i)^2 into (1 + i) * (1 + i) to make the product explicit.
  -- Step 2.2: Multiply the resulting Gaussian integer ⟨0, 2⟩ by ⟨0, -1⟩ and simplify the coordinates.
  -- Step 2.3: Verify that the real and imaginary parts match those of 2 using the `ext` principle.
  ext <;> simp [pow_two]"
proofnet-105,topology,easy,reproducible,Let $X$ be a topological space; let $A$ be a subset of $X$. Suppose that for each $x \in A$ there is an open set $U$ containing $x$ such that $U \subset A$. Show that $A$ is open in $X$.,import Mathlib open Filter Set TopologicalSpace open scoped Topology,"theorem Munkres_exercise_13_1 (X : Type*) [TopologicalSpace X] (A : Set X)
  (h1 : ∀ x ∈ A, ∃ U : Set X, x ∈ U ∧ IsOpen U ∧ U ⊆ A) :
  IsOpen A := by",isOpen_iff_forall_mem_open.mpr,3,,"Observe that the hypothesis `h1` matches the standard openness criterion.; Apply the lemma to reduce the goal to providing, for any `x ∈ A`, an open subset of `A` containing `x`.",refine isOpen_iff_forall_mem_open.mpr ?_,"import Mathlib
open Filter Set TopologicalSpace
open scoped Topology

theorem Munkres_exercise_13_1 (X : Type*) [TopologicalSpace X] (A : Set X)
  (h1 : ∀ x ∈ A, ∃ U : Set X, x ∈ U ∧ IsOpen U ∧ U ⊆ A) :
  IsOpen A := by
  -- Step 1: Observe that the hypothesis `h1` matches the standard openness criterion.
  -- Step 1.1: The lemma `isOpen_iff_forall_mem_open` states that a set is open iff each of its points
  --           has an open neighborhood contained in the set; this is precisely the structure present in `h1`.
  -- Step 2: Apply the lemma to reduce the goal to providing, for any `x ∈ A`, an open subset of `A` containing `x`.
  refine isOpen_iff_forall_mem_open.mpr ?_ 
  -- Step 2.1: Fix an arbitrary point `x ∈ A` and unpack the data provided by `h1` for this point.
  intro x hx
  -- Step 2.2: Extract from `h1` an open neighborhood `U` with `x ∈ U` and `U ⊆ A`.
  rcases h1 x hx with ⟨U, hxU, hU_open, hU_subsetA⟩
  -- Step 2.3: Repackage the data so that it matches the tuple required by `isOpen_iff_forall_mem_open`.
  refine ⟨U, ?_⟩
  -- Step 2.3.1: Provide the inclusion `U ⊆ A` along with the remaining openness and membership data.
  refine ⟨hU_subsetA, ?_⟩
  -- Step 2.3.2: Confirm that `U` is open and contains the point `x`.
  exact ⟨hU_open, hxU⟩"
proofnet-111,topology,easy,reproducible,"A map $f: X \rightarrow Y$ is said to be an open map if for every open set $U$ of $X$, the set $f(U)$ is open in $Y$. Show that $\pi_{1}: X \times Y \rightarrow X$ and $\pi_{2}: X \times Y \rightarrow Y$ are open maps.",import Mathlib open Filter Set TopologicalSpace open scoped Topology,"theorem Munkres_exercise_16_4 {X Y : Type*} [TopologicalSpace X] [TopologicalSpace Y]
  (π₁ : X × Y → X)
  (π₂ : X × Y → Y)
  (h₁ : π₁ = Prod.fst)
  (h₂ : π₂ = Prod.snd) :
  IsOpenMap π₁ ∧ IsOpenMap π₂ := by",isOpenMap_fst; isOpenMap_snd,3,,"The claim is a conjunction, so each projection is treated separately.; Rewriting each map as the standard coordinate projection reduces both halves to the fact that projections out of a product are open — a basic open box maps onto one of its factors.",simpa [h₁] using (isOpenMap_fst : IsOpenMap (Prod.fst : X × Y → X)) · -- Step 2: Our goal is to show that `π₂` is an open map.,"import Mathlib
open Filter Set TopologicalSpace
open scoped Topology

theorem Munkres_exercise_16_4 {X Y : Type*} [TopologicalSpace X] [TopologicalSpace Y]
  (π₁ : X × Y → X)
  (π₂ : X × Y → Y)
  (h₁ : π₁ = Prod.fst)
  (h₂ : π₂ = Prod.snd) :
  IsOpenMap π₁ ∧ IsOpenMap π₂ := by
  constructor
  · -- Step 1: Our goal is to show that `π₁` is an open map.
    -- Step 1.1: Rewrite `π₁` using `h₁` so the goal becomes the standard projection `Prod.fst`.
    -- Step 1.2: Apply the library lemma `isOpenMap_fst`, which establishes that `Prod.fst` is open.
    simpa [h₁] using (isOpenMap_fst : IsOpenMap (Prod.fst : X × Y → X))
  · -- Step 2: Our goal is to show that `π₂` is an open map.
    -- Step 2.1: Rewrite `π₂` using `h₂` so the goal becomes the standard projection `Prod.snd`.
    -- Step 2.2: Apply the library lemma `isOpenMap_snd`, which establishes that `Prod.snd` is open.
    simpa [h₂] using (isOpenMap_snd : IsOpenMap (Prod.snd : X × Y → Y))"
proofnet-118,topology,medium,reproducible,"Let $\left\{A_{n}\right\}$ be a sequence of connected subspaces of $X$, such that $A_{n} \cap A_{n+1} \neq \varnothing$ for all $n$. Show that $\bigcup A_{n}$ is connected.",import Mathlib open Filter Set TopologicalSpace open scoped Topology,"theorem Munkres_exercise_23_2 {X : Type*}
  [TopologicalSpace X] {A : ℕ → Set X} (hA : ∀ n, IsConnected (A n))
  (hAn : ∀ n, A n ∩ A (n + 1) ≠ ∅) :
  IsConnected (⋃ n, A n) := by",Nat.succ_eq_add_one; Nonempty; Relation.ReflTransGen,3,,"Consecutive members overlap, so any two of them are linked by a finite chain of overlaps.; A union of connected sets that pairwise share a point through such a chain is connected — the chain propagates connectedness from any member to any other.; Applying that to every pair of indices gives connectedness of the whole union.","have hAdj : ∀ n, (A n ∩ A (n + 1)).Nonempty := by","import Mathlib
open Filter Set TopologicalSpace
open scoped Topology

theorem Munkres_exercise_23_2 {X : Type*}
  [TopologicalSpace X] {A : ℕ → Set X} (hA : ∀ n, IsConnected (A n))
  (hAn : ∀ n, A n ∩ A (n + 1) ≠ ∅) :
  IsConnected (⋃ n, A n) := by
  classical
  -- Step 1: turn each non-emptiness assumption on `A n ∩ A (n + 1)` into a reusable witness.
  have hAdj : ∀ n, (A n ∩ A (n + 1)).Nonempty := by
    -- Step 1.1: rewrite `Nonempty` as `≠ ∅` and apply the given hypothesis.
    intro n
    exact (Set.nonempty_iff_ne_empty).2 (hAn n)
  -- Step 2: encode the “intersection graph” relating indices that share points.
  set R : ℕ → ℕ → Prop := fun i j => (A i ∩ A j).Nonempty
  -- Step 3: register forward and backward edges in this graph using consecutive intersections.
  have hEdgeSucc : ∀ n, R n (n + 1) := by
    -- Step 3.1: unpack the definition of `R` and reuse `hAdj`.
    intro n
    simpa [R, Nat.succ_eq_add_one] using hAdj n
  -- Step 3.2: obtain the reverse edges by symmetry of intersection.
  have hEdgePred : ∀ n, R (n + 1) n := by
    -- Step 3.2.1: rewrite the intersection by commuting the factors.
    intro n
    simpa [R, Nat.succ_eq_add_one, Set.inter_comm] using hAdj n
  -- Step 4: prove that any two indices are connected inside the graph via successive edges.
  have hChain : ∀ i j : ℕ, Relation.ReflTransGen R i j := by
    -- Step 4.1: apply the general lemma for relations on successor-ordered types.
    intro i j
    refine reflTransGen_of_succ R ?_ ?_
    -- Step 4.1.1: furnish forward steps `k → k + 1` along the interval `[i, j)`.
    intro k hk
    exact hEdgeSucc k
    -- Step 4.1.2: furnish backward steps `k + 1 → k` along the interval `[j, i)`.
    intro k hk
    exact hEdgePred k
  -- Step 5: assemble the connectedness of the entire union via the path-connected graph lemma.
  simpa [R] using
    IsConnected.iUnion_of_reflTransGen (s := A) (H := hA) (K := hChain)"
proofnet-127,topology,hard,reproducible,"Show that if $X$ is a Hausdorff space that is locally compact at the point $x$, then for each neighborhood $U$ of $x$, there is a neighborhood $V$ of $x$ such that $\bar{V}$ is compact and $\bar{V} \subset U$.",import Mathlib open Filter Set TopologicalSpace open scoped Topology,"theorem Munkres_exercise_29_10 {X : Type*}
  [TopologicalSpace X] [T2Space X] (x : X)
  (hx : ∃ U : Set X, x ∈ U ∧ IsOpen U ∧ (∃ K : Set X, U ⊆ K ∧ IsCompact K))
  (U : Set X) (hU : IsOpen U) (hxU : x ∈ U) :
  ∃ (V : Set X), IsOpen V ∧ x ∈ V ∧ IsCompact (closure V) ∧ closure V ⊆ U := by",Disjoint; IsClosed; isClosed_closure; isOpen_biInter_finset,3,,"Local compactness supplies a compact neighbourhood of the point; the work is to shrink it inside the given neighbourhood while keeping its closure compact.; The part of that compact set lying outside the given neighbourhood is compact and misses the point, so Hausdorffness separates the point from each of its members by disjoint open sets.; Compactness reduces that separation to finitely many pai…","obtain ⟨N, hxN, hNopen, ⟨K, hNsubsetK, hKcompact⟩⟩ := hx","import Mathlib
open Filter Set TopologicalSpace
open scoped Topology

theorem Munkres_exercise_29_10 {X : Type*}
  [TopologicalSpace X] [T2Space X] (x : X)
  (hx : ∃ U : Set X, x ∈ U ∧ IsOpen U ∧ (∃ K : Set X, U ⊆ K ∧ IsCompact K))
  (U : Set X) (hU : IsOpen U) (hxU : x ∈ U) :
  ∃ (V : Set X), IsOpen V ∧ x ∈ V ∧ IsCompact (closure V) ∧ closure V ⊆ U := by
  classical
  -- Step 1: Unpack the local compactness data around x into a convenient compact neighbourhood.
  obtain ⟨N, hxN, hNopen, ⟨K, hNsubsetK, hKcompact⟩⟩ := hx
  -- Step 1.1: Register that x lies inside the compact set K and that K is closed in the Hausdorff space.
  have hxK : x ∈ K := hNsubsetK hxN
  have hKclosed : IsClosed K := hKcompact.isClosed
  -- Step 1.2: Record that the part of K outside U is compact and that x does not belong to it.
  set KminusU := K \ U
  have hKminusU_compact : IsCompact KminusU := hKcompact.diff hU
  -- Step 2: For every point y in K \ U, separate it from x by disjoint open sets.
  have hSeparation :
      ∀ y : {y : X // y ∈ KminusU},
        ∃ (Vy Oy : Set X),
          IsOpen Vy ∧ IsOpen Oy ∧ x ∈ Vy ∧ (y : X) ∈ Oy ∧ Disjoint Vy Oy := by
    intro y
    -- Step 2.1: Extract the useful membership facts for the chosen y.
    rcases y.property with ⟨_, hy_notU⟩
    -- Step 2.2: Use the Hausdorff property to get disjoint neighbourhoods of x and y.
    have hne : x ≠ (y : X) := by
      intro hxy
      exact hy_notU (by simpa [hxy] using hxU)
    obtain ⟨Vy, Oy, hVyOpen, hOyOpen, hxVy, hyOy, hDisjoint⟩ := t2_separation hne
    -- Step 2.3: Package the separation data for later use.
    exact ⟨Vy, Oy, hVyOpen, hOyOpen, hxVy, hyOy, hDisjoint⟩
  -- Step 3: Choose concrete functions assigning each y suitable separating open sets.
  choose Vfun Ofun hVfun_open hOfun_open hxVfun hyOfun hDisjoint using hSeparation
  -- Step 4: Apply compactness of K \ U to extract finitely many of those open sets covering it.
  obtain ⟨t, hCover_t⟩ :=
    hKminusU_compact.elim_finite_subcover
      (fun y : {y : X // y ∈ KminusU} => Ofun y)
      (fun y => hOfun_open y)
      (by
        -- Step 4.1: Show that every point of K \ U lies in the corresponding chosen open set.
        intro z hz
        refine mem_iUnion.2 ?_
        refine ⟨⟨z, hz⟩, ?_⟩
        simpa using hyOfun ⟨z, hz⟩)
  -- Step 5: Intersect the finitely many open neighbourhoods of x obtained above.
  set V0 : Set X := ⋂ y ∈ t, Vfun y
  -- Step 5.1: Prove that this finite intersection is open.
  have hV0_open : IsOpen V0 := by
    -- Step 5.1.1: Apply the finite-intersection lemma for open sets.
    classical
    unfold V0
    simpa using
      (isOpen_biInter_finset (s := t) (f := fun y => Vfun y)
        (fun y hy => hVfun_open y))
  -- Step 5.2: Note that x lies in the intersection of all these neighbourhoods.
  have hx_V0 : x ∈ V0 := by
    classical
    refine mem_iInter₂.mpr ?_
    intro y hy
    -- Step 5.2.1: Since x lies in every Vfun y, it also lies in their intersection.
    simpa using hxVfun y
  -- Step 6: Build the candidate open set V by intersecting V0 with the original open neighbourhood N.
  set V : Set X := V0 ∩ N
  -- Step 6.1: V is open because it is the intersection of two open sets.
  have hV_open : IsOpen V := hV0_open.inter hNopen
  -- Step 6.2: x belongs to V because it belongs to both V0 and N.
  have hxV : x ∈ V := ⟨hx_V0, hxN⟩
  -- Step 6.3: V is contained in the compact set K.
  have hV_subset_K : V ⊆ K := by
    intro z hz
    exact hNsubsetK hz.2
  -- Step 7: Leverage closure properties to keep track of where closure V can live.
  have hClosure_subset_K : closure V ⊆ K :=
    closure_minimal hV_subset_K hKclosed
  -- Step 7.1: Points in closure V cannot enter any Ofun y, otherwise they would contradict the closure property.
  have hClosure_subset_compl :
      closure V ⊆ (⋃ y ∈ t, Ofun y)ᶜ := by
    intro z hz
    classical
    -- Step 7.1.1: Suppose, towards contradiction, that z lies in some Ofun y.
    by_contra hz_mem
    have hz_mem_union : z ∈ ⋃ y ∈ t, Ofun y := by
      classical
      simpa [Set.mem_compl] using hz_mem
    obtain ⟨y, hy_mem, hz_in_Ofun⟩ := mem_iUnion₂.1 hz_mem_union
    have hOfun_nhds : Ofun y ∈ 𝓝 z := (hOfun_open y).mem_nhds hz_in_Ofun
    have hInter_nonempty :=
      mem_closure_iff_nhds.1 hz (Ofun y) hOfun_nhds
    -- Step 7.1.2: Use the disjointness obtained earlier to forbid such an intersection.
    rcases hInter_nonempty with ⟨w, hw_inter⟩
    rcases hw_inter with ⟨hwOfun, hwV⟩
    exact
      (Set.disjoint_left.mp (hDisjoint y))
        (mem_iInter₂.mp hwV.1 y hy_mem) hwOfun
  -- Step 7.2: Combine the previous bounds to see that closure V lives inside U.
  have hSubset_to_U : K ∩ (⋃ y ∈ t, Ofun y)ᶜ ⊆ U := by
    intro z hz
    classical
    have hzK : z ∈ K := hz.1
    have hz_not_union : z ∉ ⋃ y ∈ t, Ofun y := by
      simpa [Set.mem_compl] using hz.2
    by_contra hz_notU
    have hz_in_KminusU : z ∈ KminusU := ⟨hzK, hz_notU⟩
    have hz_in_union : z ∈ ⋃ y ∈ t, Ofun y := hCover_t hz_in_KminusU
    exact hz_not_union hz_in_union
  have hClosure_subset_U : closure V ⊆ U := by
    intro z hz
    have hzK : z ∈ K := hClosure_subset_K hz
    have hz_not_union : z ∈ (⋃ y ∈ t, Ofun y)ᶜ := hClosure_subset_compl hz
    exact hSubset_to_U ⟨hzK, hz_not_union⟩
  -- Step 8: The closure of V is a closed subset of the compact set K, hence compact.
  have hClosure_compact : IsCompact (closure V) :=
    hKcompact.of_isClosed_subset isClosed_closure hClosure_subset_K
  -- Step 9: Conclude by gathering all ingredients for the desired neighbourhood V.
  refine ⟨V, hV_open, hxV, hClosure_compact, hClosure_subset_U⟩"
proofnet-128,topology,hard,reproducible,"Show that if $X$ has a countable dense subset, every collection of disjoint open sets in $X$ is countable.",import Mathlib open Filter Set TopologicalSpace open scoped Topology,"theorem Munkres_exercise_30_13 {X : Type*} [TopologicalSpace X]
  (h : ∃ (s : Set X), Countable s ∧ Dense s) (U : Set (Set X))
  (hU : ∀ (x y : Set X), x ∈ U → y ∈ U → x ≠ y → x ∩ y = ∅)
  (hUopen : ∀ (u : Set X), u ∈ U → IsOpen u) :
  Countable U := by",Function.Injective; Nonempty; Or.inl; Or.inr; Subtype.ext; by_cases,3,,"Density means every nonempty open set meets the countable dense subset, so each nonempty member of the disjoint collection contains at least one of its points.; Choosing one such point per member defines a map into the countable set, and disjointness makes that map injective.; An injection into a countable set makes the nonempty members countable; adding the empty set, if present, keeps it so.","obtain ⟨s, hsCountable, hsDense⟩ := h","import Mathlib
open Filter Set TopologicalSpace
open scoped Topology

theorem Munkres_exercise_30_13 {X : Type*} [TopologicalSpace X]
  (h : ∃ (s : Set X), Countable s ∧ Dense s) (U : Set (Set X))
  (hU : ∀ (x y : Set X), x ∈ U → y ∈ U → x ≠ y → x ∩ y = ∅)
  (hUopen : ∀ (u : Set X), u ∈ U → IsOpen u) :
  Countable U := by
  -- Step 1: Switch to classical logic so that we may freely use choice and excluded middle.
  classical
  -- Step 1.1: Unpack the countable dense subset promised by the hypothesis `h`.
  obtain ⟨s, hsCountable, hsDense⟩ := h
  -- Step 2: Show that every nonempty open set from `U` meets the dense set `s`.
  have hMem :
      ∀ {u : Set X}, u ∈ U → Set.Nonempty u → ∃ x ∈ s, x ∈ u := by
    -- Step 2.1: Fix an arbitrary member `u` of `U` that is nonempty.
    intro u huU hnonempty
    -- Step 2.2: Apply density to the open set to obtain a point simultaneously in `s` and `u`.
    obtain ⟨x, hx_s, hx_u⟩ :=
      hsDense.exists_mem_open (hUopen u huU) hnonempty
    -- Step 2.3: Return the point together with the required membership data.
    exact ⟨x, hx_s, hx_u⟩
  -- Step 3: Prepare to work with the subtype of nonempty members of `U` by selecting witnesses in `s`.
  have hMemSubtype :
      ∀ u : {u : Set X // u ∈ U ∧ Set.Nonempty u},
        ∃ x : {x : X // x ∈ s}, ((x : X) ∈ (u : Set X)) := by
    -- Step 3.1: Fix an arbitrary nonempty member `u` of the collection.
    intro u
    -- Step 3.2: Extract the facts that `u` belongs to `U` and is nonempty.
    have huU : (u : Set X) ∈ U := (u.property).1
    have huNonempty : Set.Nonempty (u : Set X) := (u.property).2
    -- Step 3.3: Use the helper from Step 2 to choose a point of `s` lying inside `u`.
    obtain ⟨x, hx_s, hx_u⟩ := hMem (u := (u : Set X)) huU huNonempty
    -- Step 3.4: Package the chosen point as an element of the subtype over `s`.
    exact ⟨⟨x, hx_s⟩, by simpa using hx_u⟩
  -- Step 4: Use choice to obtain a concrete selector sending each nonempty member to a point in `s`.
  choose pick hpick using hMemSubtype
  -- Step 5: Prove that the selector is injective, relying on the disjointness hypothesis.
  have hpick_inj : Function.Injective pick := by
    -- Step 5.1: Compare two members `u` and `v` whose chosen points coincide.
    intro u v huv
    -- Step 5.2: Record the memberships of the chosen point in `u` and `v`.
    have huMem : ((pick u : X)) ∈ (u : Set X) := hpick u
    have hvMem : ((pick u : X)) ∈ (v : Set X) := by simpa [huv] using hpick v
    -- Step 5.3: Thus the intersection of `u` and `v` is nonempty.
    have hIntersection : ((u : Set X) ∩ (v : Set X)).Nonempty :=
      ⟨(pick u : X), ⟨huMem, hvMem⟩⟩
    -- Step 5.4: Show their underlying sets must be equal; otherwise disjointness is violated.
    have hEqSets : (u : Set X) = (v : Set X) := by
      -- Step 5.4.1: Suppose for contradiction that the sets differ.
      by_contra hne
      -- Step 5.4.2: Distinct members of `U` are disjoint by hypothesis.
      have hdisj := hU (u : Set X) (v : Set X) (u.property).1 (v.property).1 hne
      -- Step 5.4.3: Extract a concrete point from the intersection to contradict emptiness.
      rcases hIntersection with ⟨z, hz⟩
      -- Step 5.4.4: The disjointness equality forces this point to lie in the empty set.
      simp [hdisj] at hz
    -- Step 5.5: Equality of underlying sets implies equality of subtypes.
    apply Subtype.ext
    -- Step 5.5.1: Conclude the two members are identical.
    simpa using hEqSets
  -- Step 6: Transfer countability of `s` to its subtype so that we can enumerate `s`.
  haveI : Countable ↥s := hsCountable
  -- Step 6.1: Obtain an explicit injection from the subtype into the natural numbers.
  obtain ⟨g, hg⟩ := Countable.exists_injective_nat (α := ↥s)
  -- Step 6.2: Compose the selector with this injection to count the subtype of nonempty members.
  have hcountSubtype : Countable {u : Set X // u ∈ U ∧ Set.Nonempty u} := by
    -- Step 6.2.1: Provide the injection witnessing countability.
    refine ⟨⟨fun u => g (pick u), ?_⟩⟩
    -- Step 6.2.2: Injectivity follows from the injectivity of each component.
    exact hg.comp hpick_inj
  -- Step 7: Convert the type-level result into a statement about the corresponding set of nonempty members.
  set nonemptyMembers : Set (Set X) := {u | u ∈ U ∧ Set.Nonempty u}
  have hcountNonemptyMembers : nonemptyMembers.Countable := by
    -- Step 7.1: First view countability on the subtype and then pass to the set itself.
    have : Countable ↥nonemptyMembers := by
      simpa [nonemptyMembers] using hcountSubtype
    -- Step 7.2: Convert back to the `Set.Countable` formulation.
    exact Countable.to_set this
  -- Step 8: Add the (possible) empty set while preserving countability.
  set emptySingleton : Set (Set X) := ({∅} : Set (Set X))
  have hSingleton : emptySingleton.Countable := by
    simp [emptySingleton]
  have hcountUnion : (emptySingleton ∪ nonemptyMembers).Countable :=
    hSingleton.union hcountNonemptyMembers
  -- Step 9: Check that every element of `U` belongs to this countable superset.
  have hUsubset : U ⊆ emptySingleton ∪ nonemptyMembers := by
    -- Step 9.1: Start with an arbitrary member `u` of `U`.
    intro u huU
    -- Step 9.2: Separate into whether `u` is empty or not.
    by_cases hNonempty : Set.Nonempty u
    · -- Step 9.2.1: Nonempty members fall into `nonemptyMembers` directly.
      exact Or.inr ⟨huU, hNonempty⟩
    · -- Step 9.2.2: Otherwise, `u` must equal the empty set.
      have hEmpty : u = (∅ : Set X) := by
        simpa [Set.not_nonempty_iff_eq_empty] using hNonempty
      -- Step 9.2.3: Hence `u` lies in the singleton `{∅}`.
      have : u ∈ emptySingleton := by
        simp [emptySingleton, Set.mem_singleton_iff, hEmpty]
      exact Or.inl this
  -- Step 10: Finally, restrict the countable superset back down to `U`.
  exact (Set.Countable.mono hUsubset) hcountUnion"
proofnet-154,real_analysis,medium,reproducible,"If $k \geq 2$ and $\mathbf{x} \in R^{k}$, prove that there exists $\mathbf{y} \in R^{k}$ such that $\mathbf{y} \neq 0$ but $\mathbf{x} \cdot \mathbf{y}=0$",import Mathlib open Topology Filter Real Complex TopologicalSpace Finset open scoped BigOperators InnerProductSpace,"theorem Rudin_exercise_1_18a
  (n : ℕ)
  (h : n > 1)
  (x : EuclideanSpace ℝ (Fin n)) -- R^n
  : ∃ (y : EuclideanSpace ℝ (Fin n)), y ≠ 0 ∧ ⟪x, y⟫_ℝ = 0 := by",Nat.zero_lt_one; Ne.symm; Pi.zero_apply; by_cases; inner_sub_right,3,,Record useful inequalities and fix two distinguished coordinates (0 and 1).; Split into the cases x = 0 and x ≠ 0.,"have hpos : 0 < n := lt_trans Nat.zero_lt_one h have hone : 1 < n := h let i0 : Fin n := ⟨0, hpos⟩ let i1 : Fin n := ⟨1, hone⟩ have hi0i1 : i0 ≠ i1 := by intro hij have := congrArg Fin.val hij simp […","import Mathlib
open Topology Filter Real Complex TopologicalSpace Finset
open scoped BigOperators InnerProductSpace

theorem Rudin_exercise_1_18a
  (n : ℕ)
  (h : n > 1)
  (x : EuclideanSpace ℝ (Fin n)) -- R^n
  : ∃ (y : EuclideanSpace ℝ (Fin n)), y ≠ 0 ∧ ⟪x, y⟫_ℝ = 0 := by
  classical
  -- Step 1: Record useful inequalities and fix two distinguished coordinates (0 and 1).
  have hpos : 0 < n := lt_trans Nat.zero_lt_one h
  have hone : 1 < n := h
  let i0 : Fin n := ⟨0, hpos⟩
  let i1 : Fin n := ⟨1, hone⟩
  have hi0i1 : i0 ≠ i1 := by
    intro hij
    have := congrArg Fin.val hij
    simp [i0, i1] at this
  -- Step 2: Split into the cases x = 0 and x ≠ 0.
  by_cases hx : x = 0
  · -- Step 2.1: When x = 0, pick the standard basis vector in the i0-direction.
    refine ⟨EuclideanSpace.single i0 (1 : ℝ), ?_, ?_⟩
    -- Step 2.1.1: Show this chosen vector is nonzero by inspecting its i0-coordinate.
    intro hzero
    have := congrArg (fun z => z i0) hzero
    simp [EuclideanSpace.single_apply, i0] at this
    -- Step 2.1.2: The inner product with the zero vector is automatically zero.
    simp [hx]
  · -- Step 2.2: Assume x ≠ 0 and extract a coordinate i where x has a nonzero component.
    have hxcoord : ∃ i, x i ≠ 0 := by
      by_contra h'
      push_neg at h'
      have : x = 0 := by
        ext i
        simpa [Pi.zero_apply] using h' i
      exact hx this
    obtain ⟨i, hxi⟩ := hxcoord
    -- Step 2.2.1: Choose a second coordinate j distinct from i among {i0, i1}.
    let j : Fin n := if hi : i = i0 then i1 else i0
    have hij : i ≠ j := by
      by_cases hi : i = i0
      · have hj : j = i1 := by simp [j, hi]
        simpa [hi, hj] using hi0i1
      · have hj : j = i0 := by simp [j, hi]
        simpa [hj] using hi
    -- Step 2.2.2: Build y so that only the i- and j-coordinates are possibly nonzero.
    let y := EuclideanSpace.single i (x j) - EuclideanSpace.single j (x i)
    -- Step 2.2.3: Prove that y is nonzero by looking at its j-coordinate.
    have hji : j ≠ i := Ne.symm hij
    have hyj : y j = -x i := by
      simp [y, EuclideanSpace.single_apply, hji]
    have hy_ne_zero : y ≠ 0 := by
      intro hy
      have : x i = 0 := by
        have := congrArg (fun z => z j) hy
        simpa [hyj] using this
      exact hxi this
    -- Step 2.2.4: Verify the inner product vanishes using bilinearity and the single-vector lemmas.
    refine ⟨y, hy_ne_zero, ?_⟩
    simp [y, inner_sub_right, EuclideanSpace.inner_single_right, mul_comm]"
proofnet-157,real_analysis,easy,reproducible,Prove that every closed set in a separable metric space is the union of a (possibly empty) perfect set and a set which is at most countable.,import Mathlib open Topology Filter Real Complex TopologicalSpace Finset open scoped BigOperators,"theorem Rudin_exercise_2_28 (X : Type*) [MetricSpace X] [SeparableSpace X]
  (A : Set X) (hA : IsClosed A) :
  ∃ P₁ P₂ : Set X, A = P₁ ∪ P₂ ∧ Perfect P₁ ∧ Set.Countable P₂ := by",IsClosed; MetricSpace; Perfect; Set; Set.Countable,3,,"In a separable complete metric space, a closed set splits into a perfect part and a countable remainder — this is the Cantor–Bendixson decomposition.; The statement asks for the perfect part first, so the only remaining work is to present the decomposition in that order.","obtain ⟨P₂, P₁, hP₂count, hP₁perf, hdecomp⟩ :=","import Mathlib
open Topology Filter Real Complex TopologicalSpace Finset
open scoped BigOperators

theorem Rudin_exercise_2_28 (X : Type*) [MetricSpace X] [SeparableSpace X]
  (A : Set X) (hA : IsClosed A) :
  ∃ P₁ P₂ : Set X, A = P₁ ∪ P₂ ∧ Perfect P₁ ∧ Set.Countable P₂ := by
  -- Step 1: Switch to classical logic so that we can freely use choice when manipulating
  --         countable sets and perfect subsets.
  classical
  -- Step 2: Apply the Cantor–Bendixson theorem for closed sets inside second countable spaces.
  -- Step 2.1: Our separable metric hypotheses ensure `X` is second countable, so the theorem
  --           `exists_countable_union_perfect_of_isClosed` is available.
  obtain ⟨P₂, P₁, hP₂count, hP₁perf, hdecomp⟩ :=
    exists_countable_union_perfect_of_isClosed (α := X) (C := A) hA
  -- Step 3: Repackage the decomposition so that the perfect component is listed first.
  refine ⟨P₁, P₂, ?_, hP₁perf, hP₂count⟩
  -- Step 3.1: Use the commutativity of union to match the order requested in the statement.
  simpa [Set.union_comm] using hdecomp"
proofnet-169,real_analysis,easy,reproducible,A uniformly continuous function of a uniformly continuous function is uniformly continuous.,import Mathlib open Topology Filter Real Complex TopologicalSpace Finset open scoped BigOperators,"theorem Rudin_exercise_4_12
  {α β γ : Type*} [UniformSpace α] [UniformSpace β] [UniformSpace γ]
  {f : α → β} {g : β → γ}
  (hf : UniformContinuous f) (hg : UniformContinuous g) :
  UniformContinuous (g ∘ f) := by",UniformContinuous; UniformSpace,3,single_line_proof,"Recall the library lemma `UniformContinuous.comp` which certifies that; Invoke the lemma with these two hypotheses, which produces the desired conclusion.",exact hg.comp hf,"import Mathlib
open Topology Filter Real Complex TopologicalSpace Finset
open scoped BigOperators

theorem Rudin_exercise_4_12
  {α β γ : Type*} [UniformSpace α] [UniformSpace β] [UniformSpace γ]
  {f : α → β} {g : β → γ}
  (hf : UniformContinuous f) (hg : UniformContinuous g) :
  UniformContinuous (g ∘ f) := by
  -- Step 1: Recall the library lemma `UniformContinuous.comp` which certifies that
  --         composing a uniformly continuous function on the left with another one
  --         yields a uniformly continuous composite.
  -- Step 1.1: In our situation the ""outer"" function is `g`, so we plan to feed `hg`
  --           into this lemma.
  -- Step 1.2: The ""inner"" function is `f`, so we supply `hf` for the remaining hypothesis.
  -- Step 2: Invoke the lemma with these two hypotheses, which produces the desired conclusion.
  exact hg.comp hf"
proofnet-174,real_analysis,medium,reproducible,"Suppose (a) $f$ is continuous for $x \geq 0$, (b) $f^{\prime}(x)$ exists for $x>0$, (c) $f(0)=0$, (d) $f^{\prime}$ is monotonically increasing. Put $g(x)=\frac{f(x)}{x} \quad(x>0)$ and prove that $g$ is monotonically increasing.",import Mathlib open Topology Filter Real Complex TopologicalSpace Finset open scoped BigOperators,"theorem Rudin_exercise_5_6
  {f : ℝ → ℝ}
  (hf1 : ContinuousOn f (Set.Ici 0))
  (hf2 : DifferentiableOn ℝ f (Set.Ioi 0))
  (hf3 : f 0 = 0)
  (hf4 : MonotoneOn (deriv f) (Set.Ioi 0)) :
  MonotoneOn (λ x => f x / x) (Set.Ioi 0) := by",ConvexOn; add_assoc; add_comm; add_left_comm; add_right_comm; interior_Ici; ne_of_gt,3,,"Use the monotonicity of `f'` to deduce that `f` is convex on `[0, ∞)`.; Compare `g x = f x / x` and `g y` for arbitrary `0 < x ≤ y`.",have hfconv : ConvexOn ℝ (Set.Ici (0 : ℝ)) f := by,"import Mathlib
open Topology Filter Real Complex TopologicalSpace Finset
open scoped BigOperators

theorem Rudin_exercise_5_6
  {f : ℝ → ℝ}
  (hf1 : ContinuousOn f (Set.Ici 0))
  (hf2 : DifferentiableOn ℝ f (Set.Ioi 0))
  (hf3 : f 0 = 0)
  (hf4 : MonotoneOn (deriv f) (Set.Ioi 0)) :
  MonotoneOn (λ x => f x / x) (Set.Ioi 0) := by
  -- Step 1: Use the monotonicity of `f'` to deduce that `f` is convex on `[0, ∞)`.
  have hfconv : ConvexOn ℝ (Set.Ici (0 : ℝ)) f := by
    -- Step 1.1: Rewrite the differentiability assumption on `(0, ∞)` as an interior statement.
    have hdiff : DifferentiableOn ℝ f (interior (Set.Ici (0 : ℝ))) := by
      simpa [interior_Ici] using hf2
    -- Step 1.2: Rewrite the monotonicity assumption on `(0, ∞)` as an interior statement.
    have hmono : MonotoneOn (deriv f) (interior (Set.Ici (0 : ℝ))) := by
      simpa [interior_Ici] using hf4
    -- Step 1.3: Apply the mean-value theorem based convexity criterion.
    exact hmono.convexOn_of_deriv (convex_Ici (0 : ℝ)) hf1 hdiff
  -- Step 2: Compare `g x = f x / x` and `g y` for arbitrary `0 < x ≤ y`.
  refine fun x hx y hy hxy => ?_
  -- Step 2.1: Record positivity and membership facts for `x`, `y`, and `0`.
  have hx_pos : 0 < x := hx
  have hy_pos : 0 < y := hy
  have hy_mem : y ∈ Set.Ici (0 : ℝ) := hy_pos.le
  have hzero_mem : (0 : ℝ) ∈ Set.Ici (0 : ℝ) := by simp
  have hy_ne : y ≠ 0 := ne_of_gt hy_pos
  -- Step 2.2: Introduce the ratio θ = x / y and collect its basic bounds.
  set θ := x / y with hθdef
  have hθ_nonneg : 0 ≤ θ := by
    -- Step 2.2.1: Both numerator and denominator are nonnegative.
    simpa [θ] using div_nonneg hx_pos.le hy_pos.le
  have hθ_le_one : θ ≤ (1 : ℝ) := by
    -- Step 2.2.2: Use `x ≤ y` to bound θ from above by 1.
    have hy_nonneg : 0 ≤ y := hy_pos.le
    simpa [θ] using div_le_one_of_le₀ hxy hy_nonneg
  have hone_minus_nonneg : 0 ≤ 1 - θ := sub_nonneg.mpr hθ_le_one
  -- Step 2.3: Apply convexity to the chord joining `y` and `0` with weights `θ` and `1 - θ`.
  have hfxle : f x ≤ θ * f y := by
    have hconv_app := hfconv.2 hy_mem hzero_mem hθ_nonneg hone_minus_nonneg (by simp)
    -- Step 2.3.1: Simplify the convex combination using `f 0 = 0` and the definition of θ.
    simpa [θ, hy_ne, hf3, sub_eq_add_neg, add_comm, add_left_comm, add_assoc, add_right_comm] using
      hconv_app
  -- Step 2.4: Rewrite the inequality to express it in terms of `f x / x` and `f y / y`.
  have hx_goal : f x ≤ (f y / y) * x := by
    simpa [θ, div_eq_mul_inv, mul_comm, mul_left_comm, mul_assoc] using hfxle
  -- Step 2.5: Divide by the positive number `x` to obtain the desired monotonicity.
  exact (div_le_iff₀ hx_pos).2 hx_goal"
proofnet-178,complex_analysis,medium,reproducible,Prove that the power series $\sum z^n/n^2$ converges at every point of the unit circle.,import Mathlib open Complex Filter Function Metric Finset open scoped BigOperators Topology,"theorem Shakarchi_exercise_1_19b (z : ℂ) (hz : ‖z‖ = 1) (s : ℕ → ℂ)
    (h : s = (λ n => ∑ i ∈ (range n), z ^ (i + 1) / (i + 1) ^ 2)) :
    ∃ y, Tendsto s atTop (𝓝 y) := by",Complex.norm_natCast; Complex.norm_pow; HasSum; Nat.cast_add; Nat.cast_one; Real.summable_one_div_nat_pow; Summable; Summable.of_norm; one_lt_two; pow_two,3,,Introduce the function `f` capturing the summand of our series.; Describe the norm of each summand explicitly using the hypothesis ‖z‖ = 1.; Apply the classical p-series summability lemma to the norm sequence.; Absolute convergence yields convergence of the complex series itself.; Extract the limit supplied by `HasSum` for the partial sums of `f`.; Rewrite the target sequence `s` in terms of the …,have h_norm :,"import Mathlib
open Complex Filter Function Metric Finset
open scoped BigOperators Topology

theorem Shakarchi_exercise_1_19b (z : ℂ) (hz : ‖z‖ = 1) (s : ℕ → ℂ)
    (h : s = (λ n => ∑ i ∈ (range n), z ^ (i + 1) / (i + 1) ^ 2)) :
    ∃ y, Tendsto s atTop (𝓝 y) := by
  -- Step 1: Introduce the function `f` capturing the summand of our series.
  classical
  set f : ℕ → ℂ := fun n => z ^ (n + 1) / (n + 1 : ℂ) ^ 2 with hfdef
  -- Step 2: Describe the norm of each summand explicitly using the hypothesis ‖z‖ = 1.
  have h_norm :
      (fun n : ℕ => ‖f n‖) =
        fun n : ℕ => (1 : ℝ) / (n + 1 : ℝ) ^ 2 := by
    -- Step 2.1: Expand `f` and simplify via `‖z‖ = 1`.
    funext n
    -- Step 2.2: Use explicit computations for the numerator and denominator norms.
    have hzpow : ‖z ^ (n + 1)‖ = 1 := by
      simp [hz, Complex.norm_pow z (n + 1)]
    -- Step 2.3: Identify the norm of the denominator `(n + 1 : ℂ)^2`.
    have hdenpow :
        ‖(n + 1 : ℂ) ^ 2‖ = (n + 1 : ℝ) ^ 2 := by
      have hden : ‖(n + 1 : ℂ)‖ = (n + 1 : ℝ) := by
        simpa [Nat.cast_add, Nat.cast_one] using (Complex.norm_natCast (n + 1))
      simp [pow_two, hden]
    -- Step 2.4: Combine the two calculations to obtain the desired equality.
    calc
      ‖f n‖ = ‖z ^ (n + 1)‖ / ‖(n + 1 : ℂ) ^ 2‖ := by
        simp [f]
      _ = 1 / ‖(n + 1 : ℂ) ^ 2‖ := by
        simp [hzpow]
      _ = (1 : ℝ) / (n + 1 : ℝ) ^ 2 := by
        simp [hdenpow]
  -- Step 3: Apply the classical p-series summability lemma to the norm sequence.
  have h_pSeries :
      Summable fun n : ℕ => (1 : ℝ) / (n + 1 : ℝ) ^ 2 := by
    -- Step 3.1: Produce the classical `p`-series with exponent `p = 2`.
    have h_base :
        Summable fun n : ℕ => (1 : ℝ) / (n : ℝ) ^ 2 :=
      (Real.summable_one_div_nat_pow (p := 2)).mpr one_lt_two
    -- Step 3.2: Shift the index by one to match the exact numerator in `f`.
    simpa [Nat.cast_add, Nat.cast_one] using (summable_nat_add_iff 1).2 h_base
  -- Step 3.3: Transfer summability across the function equality `h_norm`.
  have h_norm_summable :
      Summable fun n : ℕ => ‖f n‖ := by
    simpa [h_norm] using h_pSeries
  -- Step 4: Absolute convergence yields convergence of the complex series itself.
  have hfSummable : Summable f :=
    Summable.of_norm h_norm_summable
  -- Step 5: Extract the limit supplied by `HasSum` for the partial sums of `f`.
  refine ⟨∑' n, f n, ?_⟩
  have hy : HasSum f (∑' n, f n) := hfSummable.hasSum
  -- Step 6: Rewrite the target sequence `s` in terms of the partial sums of `f`.
  -- Step 6.1: Use the supplied equality `h` alongside `hy`.
  -- Step 6.2: Conclude by the convergence of partial sums furnished by `HasSum`.
  simpa [h, f] using hy.tendsto_sum_nat"
proofnet-197,abstract_algebra,easy,reproducible,Let $K$ be a finite field. Prove that the product of the nonzero elements of $K$ is $-1$.,import Mathlib open Function Fintype Subgroup Ideal Polynomial Submodule Zsqrtd open scoped BigOperators,"theorem Artin_exercise_13_6_10 {K : Type*} [Field K] [Fintype Kˣ] :
  (∏ x : Kˣ,  x) = -1 := by",FiniteField.prod_univ_units_id_eq_neg_one,3,,"The nonzero elements of a finite field form a cyclic group, in which every element is paired with its inverse except those equal to their own inverse.; Only one and minus one are self-inverse, so all other factors cancel in pairs and the product is minus one — the field-theoretic form of Wilson's theorem.","have h : (∏ x : Kˣ, x) = (-1 : Kˣ) :=","import Mathlib
open Function Fintype Subgroup Ideal Polynomial Submodule Zsqrtd
open scoped BigOperators

theorem Artin_exercise_13_6_10 {K : Type*} [Field K] [Fintype Kˣ] :
  (∏ x : Kˣ,  x) = -1 := by
  -- Step 1: Switch to classical logic so that we can freely use choice-based lemmas about finite fields.
  classical
  -- Step 2: Apply the ready-made finite field lemma stating that the product of all units is `-1`.
  --         This lemma already works under the hypotheses `[CommRing K] [IsDomain K] [Fintype Kˣ]`,
  --         which are satisfied here because every field is a commutative ring and an integral domain.
  have h : (∏ x : Kˣ, x) = (-1 : Kˣ) :=
    FiniteField.prod_univ_units_id_eq_neg_one (K := K)
  -- Step 3: Our goal matches the lemma exactly, so we conclude by a simple rewriting step.
  simpa using h"
proofnet-211,abstract_algebra,medium,reproducible,Prove the the operation $\star$ on $\mathbb{Z}$ defined by $a\star b=a-b$ is not commutative.,import Mathlib open Fintype Subgroup Set Polynomial Ideal open scoped BigOperators,"theorem Dummit_Foote_exercise_1_1_2a : ∃ a b : ℤ, a - b ≠ b - a := by",Int,3,,"Exhibit explicit integers witnessing the failure of commutativity.; Compute `1 - (-1)` to understand the left-to-right operation order.; Compute `(-1) - 1` to understand the right-to-left order.; Use the computed values to rule out equality between the two orders.; The derived inequality matches the witness requirement, finishing the proof.","refine ⟨1, -1, ?_⟩","import Mathlib
open Fintype Subgroup Set Polynomial Ideal
open scoped BigOperators

theorem Dummit_Foote_exercise_1_1_2a : ∃ a b : ℤ, a - b ≠ b - a := by
  -- Step 1: Exhibit explicit integers witnessing the failure of commutativity.
  refine ⟨1, -1, ?_⟩
  -- Step 2: Compute `1 - (-1)` to understand the left-to-right operation order.
  have h_left : (1 : ℤ) - (-1) = 2 := by
    -- Step 2.1: Simplify the subtraction by converting to addition.
    simp
  -- Step 3: Compute `(-1) - 1` to understand the right-to-left order.
  have h_right : (-1 : ℤ) - 1 = -2 := by
    -- Step 3.1: Simplify again, now in the reversed order.
    simp
  -- Step 4: Use the computed values to rule out equality between the two orders.
  have h_goal : (1 : ℤ) - (-1) ≠ (-1 : ℤ) - 1 := by
    -- Step 4.1: Assume equality for contradiction.
    intro h
    -- Step 4.2: Translate the assumed equality into the simpler numeral equation `2 = -2`.
    have : (2 : ℤ) = -2 := by
      -- Step 4.2.1: Chain the equalities `2 = 1 - (-1) = (-1) - 1 = -2`.
      calc
        (2 : ℤ)
            = (1 : ℤ) - (-1) := by simp
        _ = (-1 : ℤ) - 1 := h
        _ = -2 := by simp
    -- Step 4.3: Contradict the impossible equality `2 = -2`.
    exact (by decide : (2 : ℤ) ≠ -2) this
  -- Step 5: The derived inequality matches the witness requirement, finishing the proof.
  exact h_goal"
proofnet-219,abstract_algebra,easy,reproducible,Let $A$ and $B$ be groups. Prove that $A \times B \cong B \times A$.,import Mathlib open Fintype Subgroup Set Polynomial Ideal open scoped BigOperators,"theorem Dummit_Foote_exercise_1_6_11 {A B : Type*} [Group A] [Group B] :
  Nonempty (A × B ≃* B × A) := by",MulEquiv.prodComm,3,single_line_proof; l1_reveals_proof,Identify the canonical multiplicative equivalence that swaps components of the product group.; Package this equivalence as an explicit inhabitant of the desired `Nonempty` type.,exact ⟨MulEquiv.prodComm⟩,"import Mathlib
open Fintype Subgroup Set Polynomial Ideal
open scoped BigOperators

theorem Dummit_Foote_exercise_1_6_11 {A B : Type*} [Group A] [Group B] :
  Nonempty (A × B ≃* B × A) := by
  -- Step 1: Identify the canonical multiplicative equivalence that swaps components of the product group.
  -- Step 1.1: `MulEquiv.prodComm` specializes (under the current typeclass assumptions) to the map `(a, b) ↦ (b, a)` with inverse swapping back.
  -- Step 2: Package this equivalence as an explicit inhabitant of the desired `Nonempty` type.
  exact ⟨MulEquiv.prodComm⟩"
proofnet-228,abstract_algebra,hard,reproducible,Use Cauchy's Theorem and induction to show that a finite abelian group has a subgroup of order $n$ for each positive divisor $n$ of its order.,import Mathlib open Fintype Subgroup Set Polynomial Ideal open scoped BigOperators,"theorem Dummit_Foote_exercise_3_4_4 {G : Type*} [CommGroup G] [Fintype G] {n : ℕ}
    (hn : n ∣ (card G)) :
    ∃ (H : Subgroup G) (H_fin : Fintype H), @card H H_fin = n := by",Fact; Nat.Prime; Nat.card; Nat.card_eq_fintype_card; Nat.div_lt_self; Nat.eq_of_mul_eq_mul_right; Nat.eq_zero_of_zero_dvd; Nat.eq_zero_or_pos; Nat.exists_prime_and_dvd; Nat.mul_div_cancel; Nat.mul_div_cancel_left; Nat.strongRecOn; Quotient.fintype; QuotientGroup.eq_one_iff; QuotientGroup.leftRel; Q…,3,,"Induct on the order of the group, strengthening the hypothesis so that every smaller abelian group is available.; For the step, pick a prime dividing the target divisor; Cauchy's theorem supplies a subgroup of that prime order, which is normal because the group is abelian.; The quotient by it is smaller and still abelian, and the remaining cofactor divides its order, so the inductive hypothesis g…",induction' hG_ind : card G using Nat.strongRecOn with m ih generalizing G,"import Mathlib
open Fintype Subgroup Set Polynomial Ideal
open scoped BigOperators

theorem Dummit_Foote_exercise_3_4_4 {G : Type*} [CommGroup G] [Fintype G] {n : ℕ}
    (hn : n ∣ (card G)) :
    ∃ (H : Subgroup G) (H_fin : Fintype H), @card H H_fin = n := by
  -- Step 1: Use strong induction on the cardinality of G.
  revert n hn
  -- Step 2: Strong induction on card G.
  induction' hG_ind : card G using Nat.strongRecOn with m ih generalizing G
  intro n hn
  -- Step 2.1: Since hG_ind : card G = m, we can rewrite hn to use card G.
  have hn' : n ∣ card G := by rw [hG_ind]; exact hn
  -- Step 3: Handle the case n = 0.
  -- If n = 0 and n | card G, then card G = 0. But card G ≥ 1, contradiction.
  rcases Nat.eq_zero_or_pos n with rfl | hn_pos
  · exfalso
    have hcard_pos : 0 < card G := Fintype.card_pos
    have : card G = 0 := Nat.eq_zero_of_zero_dvd hn'
    omega
  -- Step 4: Handle the case n = 1.
  rcases eq_or_ne n 1 with rfl | hn_ne_one
  · refine ⟨⊥, inferInstance, ?_⟩
    have : Nat.card (⊥ : Subgroup G) = 1 := Subgroup.card_bot
    rw [Nat.card_eq_fintype_card] at this
    exact this
  -- Step 5: n > 1, so n has a prime divisor p.
  have hn_gt_one : 1 < n := by omega
  obtain ⟨p, hp_prime, hp_dvd_n⟩ := Nat.exists_prime_and_dvd hn_ne_one
  -- Step 6: p | card G since p | n and n | card G.
  have hp_dvd_card : p ∣ card G := dvd_trans hp_dvd_n hn'
  -- Step 7: Get k such that n = p * k.
  obtain ⟨k, hk_eq⟩ := hp_dvd_n
  have hp_pos : 0 < p := hp_prime.pos
  -- Step 8: Use Sylow's theorem to get a subgroup N of order p.
  haveI : Fact (Nat.Prime p) := ⟨hp_prime⟩
  have hp_pow_one_dvd : p ^ 1 ∣ Nat.card G := by
    simp only [pow_one, Nat.card_eq_fintype_card]
    exact hp_dvd_card
  obtain ⟨N, hN_card_nat⟩ := Sylow.exists_subgroup_card_pow_prime p hp_pow_one_dvd
  simp only [pow_one] at hN_card_nat
  -- Step 9: N has cardinality p.
  haveI hN_fintype : Fintype N := Fintype.ofFinite N
  have hN_card : card N = p := by
    rw [← Nat.card_eq_fintype_card]
    exact hN_card_nat
  -- Step 10: N is normal since G is abelian.
  haveI hN_normal : N.Normal := N.normal_of_comm
  -- Step 10.1: G/N is finite since G is finite and N is a normal subgroup.
  classical
  haveI : Fintype (G ⧸ N) := Quotient.fintype (QuotientGroup.leftRel N)
  -- Step 11: The quotient G/N has cardinality card G / p.
  -- We need to show that k | card (G/N) and then apply IH to G/N.
  -- But the IH is on card G, so we need card (G/N) < card G.
  have hN_card_pos : 0 < card N := by rw [hN_card]; exact hp_pos
  have hcard_quot : card (G ⧸ N) * card N = card G := by
    have h := Subgroup.card_eq_card_quotient_mul_card_subgroup N
    simp only [Nat.card_eq_fintype_card] at h
    exact h.symm
  have hcard_quot' : card (G ⧸ N) = card G / p := by
    have h : card G = card (G ⧸ N) * p := by rw [← hN_card]; exact hcard_quot.symm
    have h2 : card G / p = card (G ⧸ N) * p / p := congrArg (· / p) h
    rw [h2]
    have h3 : card (G ⧸ N) * p / p = card (G ⧸ N) := Nat.mul_div_cancel _ hp_pos
    exact h3.symm
  -- Step 12: card (G/N) < card G since p > 1.
  have hcard_quot_lt : card (G ⧸ N) < card G := by
    rw [hcard_quot']
    have hp_gt_one : 1 < p := hp_prime.one_lt
    have hG_pos : 0 < card G := Fintype.card_pos
    exact Nat.div_lt_self hG_pos hp_gt_one
  -- Step 13: k | card (G/N).
  have hk_dvd_quot : k ∣ card (G ⧸ N) := by
    rw [hcard_quot']
    have hn_dvd : p * k ∣ card G := by rw [← hk_eq]; exact hn'
    have hp_ne_zero : p ≠ 0 := hp_pos.ne'
    -- We want k | (card G / p). Since p * k | card G, we have k | card G / p.
    have : k ∣ card G / p := by
      rcases hn_dvd with ⟨c, hc⟩
      use c
      calc card G / p = p * k * c / p := by rw [hc]
        _ = p * (k * c) / p := by ring_nf
        _ = k * c := Nat.mul_div_cancel_left _ hp_pos
    exact this
  -- Step 14: k > 0 since n = p * k and n > 0.
  have hk_pos : 0 < k := by
    by_contra hk_not_pos
    push_neg at hk_not_pos
    interval_cases k
    simp only [mul_zero] at hk_eq
    omega
  -- Step 15: G/N is a commutative group (automatically inferred from CommGroup G).
  -- Step 16: Apply IH to G/N to get a subgroup K' of order k.
  rw [hG_ind] at hcard_quot_lt
  -- ih signature: (m' : ℕ) → m' < m → {G' : Type*} → [CommGroup G'] → [Fintype G']
  --               → card G' = m' → {n : ℕ} → n ∣ m' → ∃ H H_fin, card H = n
  have hih := @ih (card (G ⧸ N)) hcard_quot_lt (G ⧸ N) _ _ rfl k hk_dvd_quot
  obtain ⟨K', hK'_fin, hK'_card⟩ := hih
  -- Step 17: Get the preimage H of K' under the quotient map.
  let H : Subgroup G := K'.comap (QuotientGroup.mk' N)
  -- Step 18: H contains N (since ker(mk' N) = N and 1 ∈ K').
  have hN_le_H : N ≤ H := by
    intro x hx
    show x ∈ K'.comap (QuotientGroup.mk' N)
    rw [Subgroup.mem_comap]
    have h_eq_one : (QuotientGroup.mk' N) x = 1 := by
      rw [QuotientGroup.mk'_apply, QuotientGroup.eq_one_iff]
      exact hx
    rw [h_eq_one]
    exact K'.one_mem
  -- Step 19: Compute card H using the index formula.
  -- We use: card H * H.index = card G, H.index = K'.index (since mk' N is surjective),
  -- and card K' * K'.index = card (G/N), card (G/N) * card N = card G.
  haveI hH_fintype : Fintype H := Fintype.ofFinite H
  have hH_card : card H = n := by
    -- card H * H.index = card G (Lagrange's theorem)
    have h1 : card H * H.index = card G := by
      have := Subgroup.card_mul_index H
      simp only [Nat.card_eq_fintype_card] at this
      exact this
    -- H.index = K'.index because mk' N is surjective
    have h2 : H.index = K'.index := by
      have hsurj := QuotientGroup.mk'_surjective N
      exact Subgroup.index_comap_of_surjective K' hsurj
    -- card K' * K'.index = card (G/N) (Lagrange's theorem in G/N)
    have h3 : card K' * K'.index = card (G ⧸ N) := by
      have := Subgroup.card_mul_index K'
      simp only [Nat.card_eq_fintype_card] at this
      exact this
    -- Combine: card H * K'.index = card G = card K' * K'.index * card N
    rw [h2] at h1
    have h5 : card G = card K' * K'.index * card N := by
      calc card G = card (G ⧸ N) * card N := hcard_quot.symm
        _ = card K' * K'.index * card N := by rw [h3]
    rw [h5] at h1
    -- h1: card H * K'.index = card K' * K'.index * card N
    have hindex_pos : 0 < K'.index := by
      have h := Subgroup.index_ne_zero_of_finite (H := K')
      omega
    -- Rewrite to get card H * K'.index = card K' * card N * K'.index
    have h6 : card K' * K'.index * card N = card K' * card N * K'.index := by ring
    rw [h6] at h1
    have hH_eq : card H = card K' * card N := Nat.eq_of_mul_eq_mul_right hindex_pos h1
    rw [hH_eq, hK'_card, hN_card, hk_eq, mul_comm]
  -- Step 20: Return H.
  exact ⟨H, hH_fintype, hH_card⟩"
proofnet-240,abstract_algebra,hard,reproducible,Prove that if $|G|=462$ then $G$ is not simple.,import Mathlib open Fintype Subgroup Set Polynomial Ideal open scoped BigOperators,"theorem Dummit_Foote_exercise_4_5_23 {G : Type*} [Fintype G] [Group G]
  (hG : card G = 462) : ¬ IsSimpleGroup G := by",Fact; Finset; Finset.mem_insert; Finset.mem_singleton; IsPGroup.iff_card.mp; Nat.Coprime; Nat.ModEq; Nat.Prime; Nat.card; Nat.card_eq_fintype_card; Nat.card_eq_one_iff_unique; Nat.coprime_comm; Nat.divisors; Nat.dvd_one.mp; Nat.dvd_trans; Nat.lt_of_not_ge; Nat.mem_divisors; Nat.mul_assoc; Nat.mul_c…,3,,Collect arithmetic data about |G| and fix the Sylow-11 subgroup count.; Force the number n₁₁ to equal 1 via the Sylow divisibility and congruence constraints.; Turn the unique Sylow-11 subgroup into a proper nontrivial normal subgroup.,have h_card_nat : Nat.card G = 462 := by simpa [Nat.card_eq_fintype_card] using hG,"import Mathlib
open Fintype Subgroup Set Polynomial Ideal
open scoped BigOperators

theorem Dummit_Foote_exercise_4_5_23 {G : Type*} [Fintype G] [Group G]
  (hG : card G = 462) : ¬ IsSimpleGroup G := by
  classical
  intro hSimple
  haveI : IsSimpleGroup G := hSimple
  -- Step 1: Collect arithmetic data about |G| and fix the Sylow-11 subgroup count.
  -- Step 1.1: Translate the hypothesis |G| = 462 into the Nat.card language used by Sylow theory.
  have h_card_nat : Nat.card G = 462 := by simpa [Nat.card_eq_fintype_card] using hG
  -- Step 1.2: Record the prime, divisibility, and non-divisibility facts about 11 inside |G|.
  have h_factor : Nat.card G = 11 * 42 :=
    h_card_nat.trans (by decide : 462 = 11 * 42)
  have h_prime11 : Nat.Prime 11 := by decide
  haveI : Fact (Nat.Prime 11) := ⟨h_prime11⟩
  have h_dvd_11 : 11 ∣ Nat.card G := by
    rcases (by decide : 11 ∣ 462) with ⟨t, ht⟩
    refine ⟨t, ?_⟩
    exact h_card_nat.trans ht
  have h_not_dvd_sq : ¬ 11 ^ 2 ∣ Nat.card G := by
    intro hcontr
    rcases hcontr with ⟨t, ht⟩
    have hrewrite : 462 = 11 ^ 2 * t := h_card_nat.symm.trans ht
    have : 11 ^ 2 ∣ 462 := ⟨t, hrewrite⟩
    exact (by decide : ¬ 11 ^ 2 ∣ 462) this
  -- Step 1.3: Choose a Sylow-11 subgroup and denote by n₁₁ the number of such subgroups.
  obtain ⟨P⟩ := Sylow.nonempty (G := G) (p := 11)
  set n11 : ℕ := Nat.card (Sylow 11 G) with hn11
  -- Step 2: Force the number n₁₁ to equal 1 via the Sylow divisibility and congruence constraints.
  -- Step 2.1: Combine the counting lemmas to obtain divisibility information.
  have hn_dvd_card : n11 ∣ Nat.card G := by
    have h_dvd_index : n11 ∣ P.index := by
      simpa [n11] using (Sylow.card_dvd_index (p := 11) (G := G) P)
    exact Nat.dvd_trans h_dvd_index P.1.index_dvd_card
  have h_mod : n11 ≡ 1 [MOD 11] := card_sylow_modEq_one (p := 11) (G := G)
  have h_coprime : Nat.Coprime n11 11 := by
    have h_not_dvd : ¬ 11 ∣ n11 := by
      simpa [n11] using (not_dvd_card_sylow (p := 11) (G := G))
    have h' : Nat.Coprime 11 n11 := (h_prime11.coprime_iff_not_dvd).2 h_not_dvd
    simpa [Nat.coprime_comm] using h'
  have hn_dvd_42 : n11 ∣ 42 := by
    rcases hn_dvd_card with ⟨t, ht⟩
    have h_aux : n11 ∣ 11 * 42 := ⟨t, h_factor.symm.trans ht⟩
    exact h_coprime.dvd_of_dvd_mul_left h_aux
  -- Step 2.2: Introduce the complementary factor m with 42 = n₁₁ · m and analyze its congruence.
  obtain ⟨m, hm⟩ := hn_dvd_42
  have h_mul_mod : n11 * m ≡ m [MOD 11] := by
    simpa [one_mul] using h_mod.mul_right m
  have h_prod_mod : n11 * m ≡ 42 [MOD 11] := by
    simp [Nat.ModEq, hm]
  have hm_modEq : m ≡ 42 [MOD 11] := h_mul_mod.symm.trans h_prod_mod
  have hm_dvd : m ∣ 42 := by
    refine ⟨n11, ?_⟩
    simpa [Nat.mul_comm] using hm
  have hm_mem : m ∈ Nat.divisors 42 :=
    (Nat.mem_divisors).2 ⟨hm_dvd, by decide⟩
  -- Step 2.3: Enumerate the divisors of 42 and keep only those compatible with the mod-11 condition.
  have h_divisors :
      Nat.divisors 42 =
        ({1, 2, 3, 6, 7, 14, 21, 42} : Finset ℕ) := by decide
  have hm_cases :
      m = 1 ∨ m = 2 ∨ m = 3 ∨ m = 6 ∨ m = 7 ∨ m = 14 ∨ m = 21 ∨ m = 42 := by
    have : m ∈ ({1, 2, 3, 6, 7, 14, 21, 42} : Finset ℕ) := by
      simpa [h_divisors] using hm_mem
    simpa [Finset.mem_insert, Finset.mem_singleton] using this
  have hm_eq_42 : m = 42 := by
    rcases hm_cases with hm_val | hm_val | hm_val | hm_val | hm_val | hm_val | hm_val | hm_val
    · have : False := by simp [Nat.ModEq, hm_val] at hm_modEq
      exact this.elim
    · have : False := by simp [Nat.ModEq, hm_val] at hm_modEq
      exact this.elim
    · have : False := by simp [Nat.ModEq, hm_val] at hm_modEq
      exact this.elim
    · have : False := by simp [Nat.ModEq, hm_val] at hm_modEq
      exact this.elim
    · have : False := by simp [Nat.ModEq, hm_val] at hm_modEq
      exact this.elim
    · have : False := by simp [Nat.ModEq, hm_val] at hm_modEq
      exact this.elim
    · have : False := by simp [Nat.ModEq, hm_val] at hm_modEq
      exact this.elim
    · exact hm_val
  -- Step 2.4: Deduce that n₁₁ = 1 from 42 = n₁₁ · 42 and translate this into uniqueness information.
  have h_eq : n11 * 42 = 1 * 42 := by
    simpa [hm_eq_42, Nat.mul_comm, one_mul] using hm.symm
  have hn_eq_one : n11 = 1 :=
    Nat.mul_right_cancel (by decide : 0 < 42) h_eq
  have h_card_one : Nat.card (Sylow 11 G) = 1 := by simpa [n11] using hn_eq_one
  have h_subsingleton : Subsingleton (Sylow 11 G) :=
    (Nat.card_eq_one_iff_unique).1 h_card_one |>.1
  -- Step 3: Turn the unique Sylow-11 subgroup into a proper nontrivial normal subgroup.
  -- Step 3.1: Promote the subsingleton information to normality of the chosen Sylow subgroup.
  letI : Subsingleton (Sylow 11 G) := h_subsingleton
  have hP_normal : P.Normal := Sylow.normal_of_subsingleton (p := 11) (G := G) P
  -- Step 3.2: Compute the exact order of P to show it is nontrivial and not all of G.
  obtain ⟨k, hk⟩ := IsPGroup.iff_card.mp P.isPGroup'
  have hk_ne_zero : k ≠ 0 := by
    intro hk0
    have h_dvd_cardP : 11 ∣ Nat.card ↥(P : Subgroup G) :=
      P.dvd_card_of_dvd_card h_dvd_11
    rcases h_dvd_cardP with ⟨t, htP⟩
    have h_card_one : Nat.card ↥(P : Subgroup G) = 1 := by
      simpa [hk0] using hk
    have hrewrite : 1 = 11 * t := h_card_one ▸ htP
    have h_div_one : 11 ∣ 1 := ⟨t, hrewrite⟩
    exact h_prime11.ne_one (Nat.dvd_one.mp h_div_one)
  have hk_ge_one : 1 ≤ k := Nat.succ_le_of_lt (Nat.pos_of_ne_zero hk_ne_zero)
  have h_card_divides : Nat.card ↥(P : Subgroup G) ∣ Nat.card G :=
    (P : Subgroup G).card_subgroup_dvd_card
  have hk_le_one : k ≤ 1 := by
    by_contra hk_gt
    have hk_ge_two : 2 ≤ k := Nat.succ_le_of_lt (Nat.lt_of_not_ge hk_gt)
    have h_pow_dvd : 11 ^ 2 ∣ 11 ^ k := pow_dvd_pow 11 hk_ge_two
    have h_cardPow : 11 ^ k ∣ Nat.card G := by
      rcases h_card_divides with ⟨s, hs⟩
      have h_eq := hs
      rw [hk] at h_eq
      exact ⟨s, by simpa [Nat.mul_comm, Nat.mul_left_comm, Nat.mul_assoc] using h_eq⟩
    have : 11 ^ 2 ∣ Nat.card G := dvd_trans h_pow_dvd h_cardPow
    exact h_not_dvd_sq this
  have hk_one : k = 1 := le_antisymm hk_le_one hk_ge_one
  have h_card_P : Nat.card ↥(P : Subgroup G) = 11 := by
    simpa [hk_one, pow_one] using hk
  have hP_ne_bot : (P : Subgroup G) ≠ ⊥ :=
    P.ne_bot_of_dvd_card h_dvd_11
  have hP_ne_top : (P : Subgroup G) ≠ ⊤ := by
    intro htop
    have h_card_eq : Nat.card ↥(P : Subgroup G) = Nat.card G := by
      simp [htop]
    have h_eq_num : 11 = 462 := by
      calc
        11 = Nat.card ↥(P : Subgroup G) := h_card_P.symm
        _ = Nat.card G := h_card_eq
        _ = 462 := h_card_nat
    exact (by decide : 11 ≠ 462) h_eq_num
  -- Step 3.3: Invoke simplicity to obtain the final contradiction from the proper normal subgroup.
  have h_options := hSimple.eq_bot_or_eq_top_of_normal (P : Subgroup G) hP_normal
  cases h_options with
  | inl hbot => exact hP_ne_bot hbot
  | inr htop => exact hP_ne_top htop"
proofnet-260,abstract_algebra,medium,reproducible,"Let $G$ be a group such that all subgroups of $G$ are normal in $G$. If $a, b \in G$, prove that $ba = a^jb$ for some $j$.",import Mathlib open Fintype Set Real Ideal Polynomial open scoped BigOperators,"theorem Herstein_exercise_2_5_23 {G : Type*} [Group G]
  (hG : ∀ (H : Subgroup G), H.Normal) (a b : G) :
  ∃ (j : ℤ) , b*a = a^j * b := by",Group; Subgroup,3,,"Introduce the cyclic subgroup generated by `a` so that we can use the ""all; Use normality to see that conjugating `a` by `b` still lands inside the same subgroup.; Being in `⟨a⟩` means that this conjugate is some integer power of `a`.; Rewriting `hj` yields the desired commutation relation `b * a = a^j * b`.",have hHnormal : (Subgroup.zpowers a).Normal := hG (Subgroup.zpowers a),"import Mathlib
open Fintype Set Real Ideal Polynomial
open scoped BigOperators

theorem Herstein_exercise_2_5_23 {G : Type*} [Group G]
  (hG : ∀ (H : Subgroup G), H.Normal) (a b : G) :
  ∃ (j : ℤ) , b*a = a^j * b := by
  classical
  -- Step 1: Introduce the cyclic subgroup generated by `a` so that we can use the ""all
  -- subgroups are normal"" hypothesis on something concrete.
  have hHnormal : (Subgroup.zpowers a).Normal := hG (Subgroup.zpowers a)
  -- Step 1.1: Record that the generator `a` itself lies in that cyclic subgroup.
  have ha : a ∈ Subgroup.zpowers a := Subgroup.mem_zpowers a
  -- Step 2: Use normality to see that conjugating `a` by `b` still lands inside the same subgroup.
  have hb : b * a * b⁻¹ ∈ Subgroup.zpowers a := by
    -- Step 2.1: `Normal.conj_mem` exactly states that every conjugate of an element of a normal
    -- subgroup remains in that subgroup.
    simpa using hHnormal.conj_mem a ha b
  -- Step 3: Being in `⟨a⟩` means that this conjugate is some integer power of `a`.
  obtain ⟨j, hj⟩ := Subgroup.mem_zpowers_iff.mp (by
    -- Step 3.1: Apply the characterization of membership in the cyclic subgroup.
    simpa using hb)
  -- Step 4: Rewriting `hj` yields the desired commutation relation `b * a = a^j * b`.
  refine ⟨j, ?_⟩
  -- Step 4.1: Rearrange the equality from Step 3 and cancel the trailing `b⁻¹`.
  calc
    b * a = (b * a) * (b⁻¹ * b) := by
      -- Step 4.1.1: Insert the identity element `b⁻¹ * b = 1`.
      simp
    _ = (b * a * b⁻¹) * b := by
      -- Step 4.1.2: Regroup the terms to exhibit the conjugate `b * a * b⁻¹`.
      simp [mul_assoc]
    _ = (a ^ j) * b := by
      -- Step 4.1.3: Substitute the description of the conjugate obtained in Step 3.
      simp [hj]"
proofnet-261,abstract_algebra,medium,reproducible,"Suppose that $G$ is an abelian group of order $p^nm$ where $p \nmid m$ is a prime. If $H$ is a subgroup of $G$ of order $p^n$, prove that $H$ is a characteristic subgroup of $G$.",import Mathlib open Fintype Set Real Ideal Polynomial open scoped BigOperators,"theorem Herstein_exercise_2_5_31 {G : Type*} [CommGroup G] [Fintype G]
  {p m n : ℕ} (hp : Nat.Prime p) (hp1 : ¬ p ∣ m) (hG : card G = p^n*m)
  {H : Subgroup G} [Fintype H] (hH : card H = p^n) :
  Subgroup.Characteristic H := by",Fact; IsPGroup; IsPGroup.of_card; IsPGroup.toSylow_coe; Sylow; Sylow.characteristic_of_normal,3,,"Lagrange's theorem turns the given orders into an index, and the coprimality hypothesis transfers to that index.; The subgroup's order is a pure power of the prime, so it is a Sylow subgroup for that prime.; In an abelian group every subgroup is normal, and a normal Sylow subgroup is the unique one for its prime — uniqueness is what makes it characteristic, since an automorphism must send it to a…",have hCardH : Nat.card ↥H = p^n := by,"import Mathlib
open Fintype Set Real Ideal Polynomial
open scoped BigOperators

theorem Herstein_exercise_2_5_31 {G : Type*} [CommGroup G] [Fintype G]
  {p m n : ℕ} (hp : Nat.Prime p) (hp1 : ¬ p ∣ m) (hG : card G = p^n*m)
  {H : Subgroup G} [Fintype H] (hH : card H = p^n) :
  Subgroup.Characteristic H := by
  classical
  -- Step 1: Register the prime hypothesis as a `Fact` so the Sylow API can use it seamlessly.
  haveI : Fact (Nat.Prime p) := ⟨hp⟩
  -- Step 2: Rewrite the group and subgroup cardinalities in terms of `Nat.card` for arithmetic.
  have hCardH : Nat.card ↥H = p^n := by
    -- Step 2.1: `Nat.card` and `Fintype.card` agree, so we can reuse the hypothesis `hH` directly.
    simpa [Nat.card_eq_fintype_card] using hH
  have hCardG : Nat.card G = p^n * m := by
    -- Step 2.2: Apply the same translation for the ambient group `G`.
    simpa [Nat.card_eq_fintype_card] using hG
  -- Step 3: Use Lagrange’s theorem to compute the index of `H` explicitly.
  have hLagrange : card H * H.index = card G := by
    -- Step 3.1: Invoke the standard cardinality-index relation.
    simpa [Nat.card_eq_fintype_card] using
      (Subgroup.card_mul_index (H := H))
  have hIndexEq : p^n * H.index = p^n * m := by
    -- Step 3.2: Substitute the known values of `card H` and `card G`.
    simpa [hH, hG, Nat.mul_comm, Nat.mul_left_comm, Nat.mul_assoc] using hLagrange
  have hIndex : H.index = m := by
    -- Step 3.3: Cancel the positive factor `p^n` from both sides of the previous equality.
    have hpow_pos : 0 < p^n := Nat.pow_pos (Nat.Prime.pos hp)
    exact Nat.mul_left_cancel hpow_pos hIndexEq
  -- Step 4: Transport the coprimality information from `m` to the index of `H`.
  have hIndexNot : ¬ p ∣ H.index := by
    -- Step 4.1: Show that divisibility of the index would contradict the hypothesis for `m`.
    intro hdiv
    exact hp1 (by simpa [hIndex] using hdiv)
  -- Step 5: Recognize that `H` is a `p`-group because its order is a pure power of `p`.
  have hIsP : IsPGroup p H := by
    -- Step 5.1: Invoke the basic `p`-group constructor supplied by the cardinality equality.
    exact IsPGroup.of_card hCardH
  -- Step 6: View `H` as an actual Sylow `p`-subgroup of `G` via the universal property of `IsPGroup`.
  let P : Sylow p G := hIsP.toSylow (G := G) hIndexNot
  have hP_sub : (P : Subgroup G) = H := by
    -- Step 6.1: Unfold the coercion to substantiate that the constructed Sylow subgroup coincides with `H`.
    change (hIsP.toSylow (G := G) hIndexNot : Subgroup G) = H
    simp [IsPGroup.toSylow_coe]
  -- Step 7: Transfer the obvious normality of `H` (automatic in abelian groups) to the Sylow subgroup `P`.
  have hP_normal : P.Normal := by
    -- Step 7.1: Obtain the inherent normality of `H` from commutativity and transport it along the equality above.
    have hH_normal : H.Normal := inferInstance
    simpa [hP_sub] using hH_normal
  -- Step 8: A normal Sylow subgroup is characteristic, so this property holds for `P`.
  have hP_char : P.Characteristic :=
    Sylow.characteristic_of_normal (G := G) P hP_normal
  -- Step 9: Translate the characteristic property back to the original subgroup `H`.
  simpa [hP_sub] using hP_char"
proofnet-270,abstract_algebra,medium,reproducible,"If $a^2 = 0$ in $R$, show that $ax + xa$ commutes with $a$.",import Mathlib open Fintype Set Real Ideal Polynomial open scoped BigOperators,"theorem Herstein_exercise_4_2_6 {R : Type*} [Ring R] (a x : R)
  (h : a ^ 2 = 0) : a * (a * x + x * a) = (a * x + x * a) * a := by",add_mul; add_zero; pow_two; zero_add,3,,Rewrite the squared hypothesis so we can substitute it into products later.; Expand the left-hand side using distributivity and associativity so only triple products remain.; Expand the right-hand side analogously and reduce it to the same triple product.; Combine the two reductions to conclude that the two sides are equal.,have h_mul_sq : a * a = 0 := by,"import Mathlib
open Fintype Set Real Ideal Polynomial
open scoped BigOperators

theorem Herstein_exercise_4_2_6 {R : Type*} [Ring R] (a x : R)
  (h : a ^ 2 = 0) : a * (a * x + x * a) = (a * x + x * a) * a := by
  -- Step 1: Rewrite the squared hypothesis so we can substitute it into products later.
  have h_mul_sq : a * a = 0 := by
    -- Step 1.1: Use the identity `a ^ 2 = a * a` (lemma `pow_two`) to translate the assumption.
    simpa [pow_two] using h
  -- Step 2: Expand the left-hand side using distributivity and associativity so only triple products remain.
  have h_left : a * (a * x + x * a) = a * x * a := by
    -- Step 2.1: Apply left distributivity of multiplication over addition.
    calc
      a * (a * x + x * a)
          = a * (a * x) + a * (x * a) := by
            -- Step 2.1.1: Direct application of `mul_add`.
            simp [mul_add]
      _ = (a * a) * x + a * (x * a) := by
            -- Step 2.2: Reassociate the first summand via associativity.
            simp [mul_assoc]
      _ = (a * a) * x + (a * x) * a := by
            -- Step 2.3: Reassociate the second summand.
            simp [mul_assoc]
      _ = 0 * x + (a * x) * a := by
            -- Step 2.4: Substitute `a * a = 0` from Step 1.
            simp [h_mul_sq]
      _ = (0 : R) + (a * x) * a := by
            -- Step 2.5: Recognize multiplication by zero.
            simp
      _ = a * x * a := by
            -- Step 2.6: Drop the leading zero and read `(a * x) * a` as `a * x * a`.
            simp [zero_add]
  -- Step 3: Expand the right-hand side analogously and reduce it to the same triple product.
  have h_right : (a * x + x * a) * a = a * x * a := by
    -- Step 3.1: Apply right distributivity of multiplication over addition.
    calc
      (a * x + x * a) * a
          = (a * x) * a + (x * a) * a := by
            -- Step 3.1.1: Direct application of `add_mul`.
            simp [add_mul]
      _ = (a * x) * a + x * (a * a) := by
            -- Step 3.2: Reassociate the second summand.
            simp [mul_assoc]
      _ = (a * x) * a + x * 0 := by
            -- Step 3.3: Substitute `a * a = 0` using Step 1.
            simp [h_mul_sq]
      _ = (a * x) * a + 0 := by
            -- Step 3.4: Recognize multiplication by zero.
            simp
      _ = a * x * a := by
            -- Step 3.5: Remove the trailing zero and rewrite `(a * x) * a` via associativity notation.
            simp [add_zero]
  -- Step 4: Combine the two reductions to conclude that the two sides are equal.
  calc
    a * (a * x + x * a)
        = a * x * a := h_left
    _ = (a * x + x * a) * a := h_right.symm"
proofnet-276,abstract_algebra,medium,reproducible,"If $a \in K$ is such that $a^2$ is algebraic over the subfield $F$ of $K$, show that a is algebraic over $F$.",import Mathlib open Fintype Set Real Ideal Polynomial open scoped BigOperators,"theorem Herstein_exercise_5_3_7 {K : Type*} [Field K] {F : Subfield K}
  {a : K} (ha : IsAlgebraic F (a ^ 2)) : IsAlgebraic F a := by",Polynomial; Polynomial.X; Polynomial.aeval; Polynomial.aeval_comp; Polynomial.leadingCoeff_comp; Polynomial.natDegree,3,,Expand the hypothesis `ha : IsAlgebraic F (a ^ 2)`.; Define the auxiliary polynomial `q(X) = p(X^2)`.; Prove that `q` is *not* the zero polynomial.; Show that `a` is a root of `q`.; Package everything: `q` is a non-zero polynomial over `F` with `aeval a q = 0`.,have hq_nonzero : q ≠ 0 := by,"import Mathlib
open Fintype Set Real Ideal Polynomial
open scoped BigOperators

theorem Herstein_exercise_5_3_7 {K : Type*} [Field K] {F : Subfield K}
  {a : K} (ha : IsAlgebraic F (a ^ 2)) : IsAlgebraic F a := by
  classical
  
  -- Step 1: Expand the hypothesis `ha : IsAlgebraic F (a ^ 2)`.
  --`IsAlgebraic F x` means there is a non-zero polynomial `p : Polynomial F`
  --with coefficients in the base field `F` such that `aeval x p = 0`.
  rcases ha with ⟨p, hp_nonzero, hp_root⟩

  -- Step 2: Define the auxiliary polynomial `q(X) = p(X^2)`.
  --This lives in the same coefficient field `F` and will satisfy `q a = 0`.
  let q : Polynomial F := p.comp (Polynomial.X ^ (2 : ℕ))

  -- Step 3: Prove that `q` is *not* the zero polynomial.
  --We show that its leading coefficient is non-zero by relating it to that of `p`.
  have hq_nonzero : q ≠ 0 := by
    -- Step 3.1: record the degree of the inner polynomial `X^2` is not zero.
    -- This is needed by the lemma `leadingCoeff_comp`.
    have hdeg_inner : Polynomial.natDegree (Polynomial.X ^ (2 : ℕ) : Polynomial F) ≠ 0 := by
      -- `natDegree (X^2)` is `2`, which is obviously non-zero.
      -- We spell it out for clarity.
      have : (Polynomial.natDegree (Polynomial.X ^ (2 : ℕ) : Polynomial F)) = 2 := by
        -- Step 3.1.1: the degree of a power of `X` is the exponent itself.
        -- `simp` knows `natDegree_X_pow` and evaluates directly.
        simp
      -- Step 3.1.2: Convert the explicit value into the desired non-vanishing statement.
      simp [this]

    -- Step 3.2: compute the leading coefficient of `q = p.comp (X^2)` using `leadingCoeff_comp`.
    -- Because `X^2` is monic, the leading coefficient of the composition equals that of `p`.
    have hlead_q : q.leadingCoeff = p.leadingCoeff := by
      -- unfold `q` and simplify the formula delivered by `leadingCoeff_comp`.
      unfold q
      -- `leadingCoeff (X^2)` is `1`, so the multiplicative factor becomes `1 ^ deg p = 1`.
      -- The hypothesis `hdeg_inner` supplies the needed degree non-vanishing.
      simpa using
        (Polynomial.leadingCoeff_comp (p := p)
            (q := (Polynomial.X ^ (2 : ℕ) : Polynomial F)) hdeg_inner)

    -- Step 3.3: the leading coefficient of `p` is non-zero because `p ≠ 0`.
    have hlead_p : p.leadingCoeff ≠ 0 := leadingCoeff_ne_zero.mpr hp_nonzero

    -- Step 3.4: conclude that `q` itself cannot be the zero polynomial.
    -- If it were zero, its leading coefficient would be zero; this contradicts the equality above.
    intro hq_zero
    have hlead_q_zero : q.leadingCoeff = 0 := by simp [hq_zero]
    exact hlead_p (hlead_q_zero ▸ hlead_q.symm)

  -- Step 4: Show that `a` is a root of `q`.
  -- This is immediate from `hp_root : aeval (a^2) p = 0` and the construction of `q`.
  have hq_root : Polynomial.aeval a q = 0 := by
    -- Compute `aeval` of the composition explicitly.
    -- Using `aeval_comp_apply` gives `aeval a (p.comp r) = aeval (aeval a r) p`.
    -- Here `r = X^2`, and `aeval a (X^2)` reduces to `a^2` by the algebra homomorphism laws.
    -- Step 4.1: replace `q` by its definition inside the goal.
    change Polynomial.aeval a (p.comp (Polynomial.X ^ (2 : ℕ) : Polynomial F)) = 0

    -- Step 4.2: use the standard composition lemma for `aeval`.
    calc
      Polynomial.aeval a (p.comp (Polynomial.X ^ (2 : ℕ) : Polynomial F))
          = Polynomial.aeval (Polynomial.aeval a (Polynomial.X ^ (2 : ℕ) : Polynomial F)) p := by
              exact (Polynomial.aeval_comp (p := p)
                (q := (Polynomial.X ^ (2 : ℕ) : Polynomial F)) (x := a))
      _ = Polynomial.aeval (a ^ 2) p := by
              -- Step 4.3: simplify the inner evaluation `(aeval a (X^2))` to `a^2`.
              simp
      _ = 0 := hp_root

  -- Step 5: Package everything: `q` is a non-zero polynomial over `F` with `aeval a q = 0`.
  -- This is exactly the definition of `IsAlgebraic F a`.
  exact ⟨q, hq_nonzero, hq_root⟩"
proofnet-291,topology,medium,reproducible,Let $\mathcal{T}_\alpha$ be a family of topologies on $X$. Show that there is a unique largest topology on $X$ contained in all the collections $\mathcal{T}_\alpha$.,"import Mathlib open Filter Set TopologicalSpace open scoped Topology def is_topology (X : Type*) (T : Set (Set X)) := univ ∈ T ∧ (∀ s t, s ∈ T → t ∈ T → s ∩ t ∈ T) ∧ (∀s, (∀t ∈ s, t ∈ T) → sUnion s ∈ T)","theorem Munkres_exercise_13_4b2 (X I : Type*) (T : I → Set (Set X)) (h : ∀ i, is_topology X (T i)) :
  ∃! T', is_topology X T' ∧ (∀ i, T' ⊆ T i) ∧
  ∀ T'', is_topology X T'' → (∀ i, T'' ⊆ T i) → T'' ⊆ T' := by",Nat.factorial; Set,3,,Introduce the candidate topology T' consisting of all sets that live in every T i.; Show that every element of T' automatically belongs to each T i (obvious inclusion direction).; Prove that the candidate T' satisfies the three axioms of a topology.; Encode the maximality property required in the statement (largest topology contained in all T i).; Package existence together with the recorded prop…,"have h_subset : ∀ i, T' ⊆ T i := by","import Mathlib
open Filter Set TopologicalSpace
open scoped Topology
def is_topology (X : Type*) (T : Set (Set X)) :=
  univ ∈ T ∧
  (∀ s t, s ∈ T → t ∈ T → s ∩ t ∈ T) ∧
  (∀s, (∀t ∈ s, t ∈ T) → sUnion s ∈ T)

theorem Munkres_exercise_13_4b2 (X I : Type*) (T : I → Set (Set X)) (h : ∀ i, is_topology X (T i)) :
  ∃! T', is_topology X T' ∧ (∀ i, T' ⊆ T i) ∧
  ∀ T'', is_topology X T'' → (∀ i, T'' ⊆ T i) → T'' ⊆ T' := by
  classical
  -- Step 1: Introduce the candidate topology T' consisting of all sets that live in every T i.
  let T' : Set (Set X) := {U | ∀ i, U ∈ T i}
  -- Step 2: Show that every element of T' automatically belongs to each T i (obvious inclusion direction).
  have h_subset : ∀ i, T' ⊆ T i := by
    -- Step 2.1: Fix an index i and a set U that lies in T'.
    intro i U hU
    -- Step 2.2: Unfold the definition of T' to conclude that U ∈ T i.
    exact hU i
  -- Step 3: Prove that the candidate T' satisfies the three axioms of a topology.
  have h_top : is_topology X T' := by
    -- Step 3.1: Unpack the three topology axioms (universe, finite intersections, arbitrary unions).
    refine ⟨?univ, ?intersections, ?unions⟩
    -- Step 3.1.1: univ belongs to every T i, hence also to T'.
    · -- Step 3.1.1.1: Membership in T' demands belonging to each T i.
      intro i
      -- Step 3.1.1.2: Extract univ ∈ T i from the given topology structure on T i.
      exact (h i).1
    -- Step 3.1.2: T' is closed under finite intersections.
    · -- Step 3.1.2.1: Take sets s and t in T' and show their intersection is still in T'.
      intro s t hs ht i
      -- Step 3.1.2.2: Since s and t sit in every T i, use closure of T i under intersections.
      have hs_i : s ∈ T i := hs i
      have ht_i : t ∈ T i := ht i
      -- Step 3.1.2.3: Apply the topology axiom for finite intersections inside T i.
      exact (h i).2.1 s t hs_i ht_i
    -- Step 3.1.3: T' is closed under arbitrary unions.
    · -- Step 3.1.3.1: Assume every member of S lies in T'; prove that the union lies in T'.
      intro S hS i
      -- Step 3.1.3.2: Build the hypothesis that every member of S lies in T i.
      have hS_i : ∀ t ∈ S, t ∈ T i := by
        -- Step 3.1.3.2.1: Any t ∈ S is in T', so it is also in each T i.
        intro t ht
        exact (hS t ht) i
      -- Step 3.1.3.3: Invoke closure of T i under arbitrary unions.
      exact (h i).2.2 S hS_i
  -- Step 4: Encode the maximality property required in the statement (largest topology contained in all T i).
  have h_max : ∀ T'', is_topology X T'' → (∀ i, T'' ⊆ T i) → T'' ⊆ T' := by
    -- Step 4.1: Fix a topology T'' that sits inside every T i.
    intro T'' hT'' hsubset'' U hU i
    -- Step 4.2: Membership in T' is equivalent to membership in every T i, so conclude using the inclusions.
    exact hsubset'' i hU
  -- Step 5: Package existence together with the recorded properties of T'.
  refine ⟨T', ?_, ?_⟩
  -- Step 5.1: Provide the tuple (is_topology, inclusions, maximality) demanded in the specification.
  · exact ⟨h_top, h_subset, h_max⟩
  -- Step 5.2: Prove uniqueness by showing any other candidate agrees with T'.
  · intro S hS
    -- Step 5.2.1: Break the hypothesis on S into its three components.
    rcases hS with ⟨hS_top, hS_subset, hS_max⟩
    -- Step 5.2.2: Establish equality via mutual subset inclusions.
    apply Set.Subset.antisymm
    -- Step 5.2.2.1: S ⊆ T' because T' is the largest topology with the constraint.
    · exact h_max S hS_top hS_subset
    -- Step 5.2.2.2: T' ⊆ S because S also satisfies the universal property.
    · exact hS_max T' h_top h_subset"
proofnet-296,topology,easy,reproducible,"Let $Y$ be an ordered set in the order topology. Let $f, g: X \rightarrow Y$ be continuous. Show that the set $\{x \mid f(x) \leq g(x)\}$ is closed in $X$.",import Mathlib open Filter Set TopologicalSpace open scoped Topology,"theorem Munkres_exercise_18_8a {X Y : Type*} [TopologicalSpace X] [TopologicalSpace Y]
  [LinearOrder Y] [OrderTopology Y] {f g : X → Y}
  (hf : Continuous f) (hg : Continuous g) :
  IsClosed {x | f x ≤ g x} := by",isClosed_le,3,single_line_proof; l1_reveals_proof,"Invoke the general Mathlib fact `isClosed_le`, which states that the; Specializing `isClosed_le` with `hf` and `hg` yields exactly the",simpa using isClosed_le hf hg,"import Mathlib
open Filter Set TopologicalSpace
open scoped Topology

theorem Munkres_exercise_18_8a {X Y : Type*} [TopologicalSpace X] [TopologicalSpace Y]
  [LinearOrder Y] [OrderTopology Y] {f g : X → Y}
  (hf : Continuous f) (hg : Continuous g) :
  IsClosed {x | f x ≤ g x} := by
  -- Step 1: Invoke the general Mathlib fact `isClosed_le`, which states that the
  --         set `{x | f x ≤ g x}` is closed once both functions are continuous.
  -- Step 1.1: Hypothesis `hf` provides the required continuity of `f`.
  -- Step 1.2: Hypothesis `hg` provides the required continuity of `g`.
  -- Step 2: Specializing `isClosed_le` with `hf` and `hg` yields exactly the
  --         desired closedness, so we simply rewrite the goal to conclude.
  simpa using isClosed_le hf hg"
proofnet-304,topology,hard,reproducible,"Let $p: X \rightarrow Y$ be a quotient map. Show that if each set $p^{-1}(\{y\})$ is connected, and if $Y$ is connected, then $X$ is connected.",import Mathlib open Filter Set TopologicalSpace Topology,"theorem Munkres_exercise_23_11 {X Y : Type*} [TopologicalSpace X] [TopologicalSpace Y]
  (p : X → Y) (hq : IsQuotientMap p)
  (hY : ConnectedSpace Y) (hX : ∀ y : Y, IsConnected (p ⁻¹' {y})) :
  ConnectedSpace X := by",Disjoint; IsOpen; Nonempty; Or.inl; Or.inr; Set; Set.Subset.antisymm; Set.inter_assoc; Set.inter_comm; Set.inter_left_comm; Set.inter_univ; Set.mem_preimage; Set.univ; Set.univ_inter,3,,Translate the connectedness of `Y` to `IsConnected (Set.univ : Set Y)`.; It suffices to show that `Set.univ : Set X` is connected.; Prove preconnectedness; fix an arbitrary open cover by `U` and `V`.,have hYconn : IsConnected (Set.univ : Set Y) := (connectedSpace_iff_univ.mp hY),"import Mathlib
open Filter Set TopologicalSpace Topology

theorem Munkres_exercise_23_11 {X Y : Type*} [TopologicalSpace X] [TopologicalSpace Y]
  (p : X → Y) (hq : IsQuotientMap p)
  (hY : ConnectedSpace Y) (hX : ∀ y : Y, IsConnected (p ⁻¹' {y})) :
  ConnectedSpace X := by
  classical
  -- Step 1: Translate the connectedness of `Y` to `IsConnected (Set.univ : Set Y)`.
  have hYconn : IsConnected (Set.univ : Set Y) := (connectedSpace_iff_univ.mp hY)
  -- Step 1.1: Pick a base point of `Y` and lift it along the surjective quotient map.
  obtain ⟨y₀, -⟩ := hYconn.1
  obtain ⟨x₀, _⟩ := hq.surjective y₀
  -- Step 1.2: Package the lifted point as evidence that `X` is nonempty.
  have hXnonempty : (Set.univ : Set X).Nonempty := ⟨x₀, by simp⟩
  -- Step 1.3: Reduce the goal to the connectivity of `Set.univ`.
  refine connectedSpace_iff_univ.mpr ?_
  -- Step 2: It suffices to show that `Set.univ : Set X` is connected.
  refine ⟨hXnonempty, ?_⟩
  -- Step 3: Prove preconnectedness; fix an arbitrary open cover by `U` and `V`.
  intro U V hUopen hVopen hcover hUN hVN
  -- Step 3.1: Record that both open sets are nonempty.
  have hUN' : U.Nonempty := by simpa [Set.univ_inter] using hUN
  have hVN' : V.Nonempty := by simpa [Set.univ_inter, Set.inter_comm] using hVN
  -- Step 3.2: For convenience, rewrite the cover condition pointwise.
  have hcover' : ∀ z : X, z ∈ U ∪ V := fun z => by
    simpa using hcover (by simp : z ∈ (Set.univ : Set X))
  -- Step 3.3: Assume towards contradiction that the two opens have empty intersection.
  by_contra h_inter
  have h_inter' : ¬ (U ∩ V).Nonempty := by
    simpa [Set.inter_assoc, Set.inter_left_comm, Set.univ_inter, Set.inter_univ] using h_inter
  -- Step 3.4: Deduce that `U` and `V` are disjoint.
  have hdisjUV : Disjoint U V := by
    refine disjoint_left.mpr ?_
    intro x hxU hxV
    exact h_inter' ⟨x, ⟨hxU, hxV⟩⟩
  -- Step 3.5: Fibers above points of `p '' U` remain in `U`.
  have hFiber_subset_of_memU :
      ∀ ⦃y : Y⦄, y ∈ p '' U → p ⁻¹' ({y} : Set Y) ⊆ U := by
    intro y hy
    rcases hy with ⟨xU, hxU, rfl⟩
    intro z hz
    by_contra hzU
    have hzV : z ∈ V := by
      rcases hcover' z with h | h
      · exact (hzU h).elim
      · exact h
    have hFiber := hX (p xU)
    have hFiberSubsetUnion :
        p ⁻¹' ({p xU} : Set Y) ⊆ U ∪ V := by
      intro w _
      rcases hcover' w with hw | hw
      · exact Or.inl hw
      · exact Or.inr hw
    have hFiberU :
        (p ⁻¹' ({p xU} : Set Y) ∩ U).Nonempty :=
      ⟨xU, by
        refine ⟨?_, hxU⟩
        simp⟩
    have hFiberV :
        (p ⁻¹' ({p xU} : Set Y) ∩ V).Nonempty :=
      ⟨z, ⟨hz, hzV⟩⟩
    obtain ⟨w, -, hwUV⟩ :=
        (hFiber.2) U V hUopen hVopen hFiberSubsetUnion hFiberU hFiberV
    exact h_inter' ⟨w, hwUV⟩
  -- Step 3.6: Apply the same reasoning to fibers above points of `p '' V`.
  have hFiber_subset_of_memV :
      ∀ ⦃y : Y⦄, y ∈ p '' V → p ⁻¹' ({y} : Set Y) ⊆ V := by
    intro y hy
    rcases hy with ⟨xV, hxV, rfl⟩
    intro z hz
    by_contra hzV
    have hzU : z ∈ U := by
      rcases hcover' z with h | h
      · exact h
      · exact (hzV h).elim
    have hFiber := hX (p xV)
    have hFiberSubsetUnion :
        p ⁻¹' ({p xV} : Set Y) ⊆ U ∪ V := by
      intro w _
      rcases hcover' w with hw | hw
      · exact Or.inl hw
      · exact Or.inr hw
    have hFiberU :
        (p ⁻¹' ({p xV} : Set Y) ∩ U).Nonempty :=
      ⟨z, ⟨hz, hzU⟩⟩
    have hFiberV :
        (p ⁻¹' ({p xV} : Set Y) ∩ V).Nonempty :=
      ⟨xV, by
        refine ⟨?_, hxV⟩
        simp⟩
    obtain ⟨w, -, hwUV⟩ :=
        (hFiber.2) U V hUopen hVopen hFiberSubsetUnion hFiberU hFiberV
    exact h_inter' ⟨w, hwUV⟩
  -- Step 3.7: Conclude that `U` and `V` are saturated with respect to `p`.
  have hUSat : U = p ⁻¹' (p '' U) := by
    refine Set.Subset.antisymm ?_ ?_
    · intro x hxU
      change p x ∈ p '' U
      exact ⟨x, hxU, rfl⟩
    · intro x hx
      have hx' : p x ∈ p '' U := by
        simpa [Set.mem_preimage] using hx
      have hxFiber : x ∈ p ⁻¹' ({p x} : Set Y) := by
        change p x ∈ ({p x} : Set Y)
        simp
      have hxSubset := hFiber_subset_of_memU hx'
      simpa using hxSubset hxFiber
  have hVSat : V = p ⁻¹' (p '' V) := by
    refine Set.Subset.antisymm ?_ ?_
    · intro x hxV
      change p x ∈ p '' V
      exact ⟨x, hxV, rfl⟩
    · intro x hx
      have hx' : p x ∈ p '' V := by
        simpa [Set.mem_preimage] using hx
      have hxFiber : x ∈ p ⁻¹' ({p x} : Set Y) := by
        change p x ∈ ({p x} : Set Y)
        simp
      have hxSubset := hFiber_subset_of_memV hx'
      simpa using hxSubset hxFiber
  -- Step 3.8: Use the quotient condition to deduce that the images of `U` and `V` are open.
  have hPreimageOpenU : IsOpen (p ⁻¹' (p '' U)) := by
    simpa [hUSat.symm] using hUopen
  have hPreimageOpenV : IsOpen (p ⁻¹' (p '' V)) := by
    simpa [hVSat.symm] using hVopen
  have hOpenImageU : IsOpen (p '' U) :=
    (hq.isOpen_preimage).mp hPreimageOpenU
  have hOpenImageV : IsOpen (p '' V) :=
    (hq.isOpen_preimage).mp hPreimageOpenV
  -- Step 3.9: Note that the images are nonempty because the original opens are.
  have hImageUNonempty : (p '' U).Nonempty := by
    rcases hUN' with ⟨x, hx⟩
    exact ⟨p x, ⟨x, hx, rfl⟩⟩
  have hImageVNonempty : (p '' V).Nonempty := by
    rcases hVN' with ⟨x, hx⟩
    exact ⟨p x, ⟨x, hx, rfl⟩⟩
  -- Step 3.10: Show that the images still cover `Y` because `p` is surjective.
  have hImageCover : (Set.univ : Set Y) ⊆ p '' U ∪ p '' V := by
    intro y _
    rcases hq.surjective y with ⟨x, rfl⟩
    rcases hcover' x with hx | hx
    · exact Or.inl ⟨x, hx, rfl⟩
    · exact Or.inr ⟨x, hx, rfl⟩
  -- Step 3.11: Prove that the two images are disjoint, still using fiberwise connectedness.
  have hImageDisjoint : Disjoint (p '' U) (p '' V) := by
    refine disjoint_left.mpr ?_
    intro y hyU hyV
    rcases hyU with ⟨xU, hxU, hpxU⟩
    rcases hyV with ⟨xV, hxV, hpxV⟩
    have hFiber := hX y
    have hxUfiber : xU ∈ p ⁻¹' ({y} : Set Y) := by
      simp [Set.mem_preimage, hpxU]
    have hxVfiber : xV ∈ p ⁻¹' ({y} : Set Y) := by
      simp [Set.mem_preimage, hpxV]
    have hFiberSubsetUnion :
        p ⁻¹' ({y} : Set Y) ⊆ U ∪ V := by
      intro w _
      rcases hcover' w with hw | hw
      · exact Or.inl hw
      · exact Or.inr hw
    have hFiberU :
        (p ⁻¹' ({y} : Set Y) ∩ U).Nonempty :=
      ⟨xU, ⟨hxUfiber, hxU⟩⟩
    have hFiberV :
        (p ⁻¹' ({y} : Set Y) ∩ V).Nonempty :=
      ⟨xV, ⟨hxVfiber, hxV⟩⟩
    obtain ⟨w, -, hwUV⟩ :=
        (hFiber.2) U V hUopen hVopen hFiberSubsetUnion hFiberU hFiberV
    exact h_inter' ⟨w, hwUV⟩
  -- Step 3.12: Apply the connectedness of `Y` to the images and obtain a contradiction.
  have hYpre := hYconn.2
  have hImageInter :
      ((Set.univ : Set Y) ∩ ((p '' U) ∩ (p '' V))).Nonempty :=
    hYpre (p '' U) (p '' V) hOpenImageU hOpenImageV hImageCover
      (by simpa [Set.univ_inter] using hImageUNonempty)
      (by simpa [Set.univ_inter] using hImageVNonempty)
  have : (p '' U ∩ p '' V).Nonempty := by
    simpa [Set.inter_assoc, Set.univ_inter, Set.inter_univ] using hImageInter
  rcases this with ⟨y, hyU, hyV⟩
  exact (disjoint_left.mp hImageDisjoint) hyU hyV"
proofnet-305,topology,medium,reproducible,"Let $f \colon X \rightarrow X$ be continuous. Show that if $X = [0, 1]$, there is a point $x$ such that $f(x) = x$. (The point $x$ is called a fixed point of $f$.)",import Mathlib open Filter Set TopologicalSpace open scoped Topology abbrev I : Set ℝ := Icc 0 1,"theorem Munkres_exercise_24_3a (f : I → I) (hf : Continuous f) :
  ∃ (x : I), f x = x := by",Set.mem_Icc.mp; Set.range; Subtype.ext; zero_le_one,3,,Choose the endpoints `a = 0` and `b = 1` as explicit elements of the subtype `I`.; Define the auxiliary function `g(x) = f(x) - x` taking values in `ℝ`.; Control the sign of `g` at the endpoints.; Apply the intermediate value theorem (in the form `mem_range_of_exists_le_of_exists_ge`); Package the constructed fixed point.,"exact ⟨le_rfl, zero_le_one⟩","import Mathlib
open Filter Set TopologicalSpace
open scoped Topology
abbrev I : Set ℝ := Icc 0 1

theorem Munkres_exercise_24_3a (f : I → I) (hf : Continuous f) :
  ∃ (x : I), f x = x := by
  classical
  -- Step 1: Choose the endpoints `a = 0` and `b = 1` as explicit elements of the subtype `I`.
  let a : I := ⟨0, by
    -- Step 1.1: Verify that `0` lies in `[0, 1]`.
    exact ⟨le_rfl, zero_le_one⟩
  ⟩
  let b : I := ⟨1, by
    -- Step 1.2: Verify that `1` also lies in `[0, 1]`.
    exact ⟨zero_le_one, le_rfl⟩
  ⟩
  -- Step 2: Define the auxiliary function `g(x) = f(x) - x` taking values in `ℝ`.
  let g : I → ℝ := fun x => (f x : ℝ) - (x : ℝ)
  -- Step 2.1: Record that `g` is continuous as the difference of two continuous real-valued maps.
  have hg_cont : Continuous g := by
    -- Step 2.1.1: The map `x ↦ (f x : ℝ)` is continuous via the inclusion `I ↪ ℝ`.
    have h_toReal : Continuous fun x : I => (f x : ℝ) :=
      continuous_subtype_val.comp hf
    -- Step 2.1.2: Subtract the identity inclusion to obtain continuity of `g`.
    exact h_toReal.sub continuous_subtype_val
  -- Step 3: Control the sign of `g` at the endpoints.
  -- Step 3.1: Show that `g(a) ≥ 0`, i.e., `f(a) ≥ 0`.
  have hga_nonneg : 0 ≤ g a := by
    -- Step 3.1.1: `f a` belongs to `[0, 1]`, so extract its lower bound.
    have hfa_mem : ((f a : ℝ) ∈ I) := (f a).property
    have hfa_lower : 0 ≤ (f a : ℝ) := (Set.mem_Icc.mp hfa_mem).1
    -- Step 3.1.2: Rewrite `g a` in terms of `f a` and conclude.
    simpa [g, a] using hfa_lower
  -- Step 3.2: Show that `g(b) ≤ 0`, i.e., `f(b) ≤ 1`.
  have hgb_nonpos : g b ≤ 0 := by
    -- Step 3.2.1: Again record that `f b` takes values in `[0, 1]`.
    have hfb_mem : ((f b : ℝ) ∈ I) := (f b).property
    have hfb_upper : (f b : ℝ) ≤ 1 := (Set.mem_Icc.mp hfb_mem).2
    -- Step 3.2.2: Rewrite `g b = (f b) - 1` and use the recorded bound.
    have : (f b : ℝ) - 1 ≤ 0 := sub_nonpos.mpr hfb_upper
    simpa [g, b] using this
  -- Step 4: Apply the intermediate value theorem (in the form `mem_range_of_exists_le_of_exists_ge`)
  --         to obtain a point `x` with `g x = 0`.
  have hZeroInRange :
      (0 : ℝ) ∈ Set.range g :=
    mem_range_of_exists_le_of_exists_ge hg_cont
      ⟨b, hgb_nonpos⟩ ⟨a, hga_nonneg⟩
  -- Step 4.1: Extract the witness `x` with `g x = 0`.
  rcases hZeroInRange with ⟨x, hx⟩
  -- Step 4.2: Translate `g x = 0` into equality of real numbers `(f x : ℝ) = (x : ℝ)`.
  have hRealEq : (f x : ℝ) = (x : ℝ) := by
    -- Step 4.2.1: Rewrite `g x` explicitly and cancel.
    have : (f x : ℝ) - (x : ℝ) = 0 := by simpa [g] using hx
    exact sub_eq_zero.mp this
  -- Step 4.3: Upgrade the equality of real numbers to equality inside the subtype `I`.
  have hSubtypeEq : f x = x := by
    -- Step 4.3.1: Two elements of `I` are equal when their real parts agree.
    apply Subtype.ext
    simpa using hRealEq
  -- Step 5: Package the constructed fixed point.
  exact ⟨x, hSubtypeEq⟩"
proofnet-323,real_analysis,hard,reproducible,"Assume that $f \colon \mathbb{R} \rightarrow \mathbb{R}$ satisfies $|f(t)-f(x)| \leq|t-x|^{2}$ for all $t, x$. Prove that $f$ is constant.",import Mathlib open Filter Real Function open scoped Topology,"theorem Pugh_exercise_3_1 {f : ℝ → ℝ}
  (hf : ∀ x y, |f x - f y| ≤ |x - y| ^ 2) :
  ∃ c, f = λ _x => c := by",Nat.lt_succ_self; Nat.succ_ne_zero; Nat.zero_le; Real.norm_eq_abs; abs_nonneg; abs_pos.mpr; add_comm; add_le_add; by_cases; exists_nat_gt; ne_comm.mp; ne_of_gt; norm_add_le; pow_ne_zero; pow_two,3,,"Prove that any two values of `f` coincide, using the quadratic modulus bound.; Having pairwise equality, define the constant value as `f 0`.","have h_equal : ∀ x y : ℝ, f x = f y := by intro x y","import Mathlib
open Filter Real Function
open scoped Topology

theorem Pugh_exercise_3_1 {f : ℝ → ℝ}
  (hf : ∀ x y, |f x - f y| ≤ |x - y| ^ 2) :
  ∃ c, f = λ _x => c := by
  classical
  -- Step 1: Prove that any two values of `f` coincide, using the quadratic modulus bound.
  have h_equal : ∀ x y : ℝ, f x = f y := by
    intro x y
    -- Step 1.1: If the points coincide, the claim is trivial.
    by_cases hxy : x = y
    · -- Step 1.1.1: When `x = y`, the values are equal by reflexivity.
      subst hxy; rfl
    · -- Step 1.2: Assume `x ≠ y` and force the absolute difference to be zero.
      -- Step 1.2.1: For each natural `n`, we partition the segment `[x,y]` into `n.succ` equal pieces.
      have main_bound : ∀ n : ℕ, |f y - f x| ≤ |y - x| ^ 2 / (n.succ : ℝ) := by
        intro n
        -- Step 1.2.1.1: Define the step length `h` of the partition.
        set h : ℝ := (y - x) / (n.succ : ℝ) with hh
        -- Step 1.2.1.2: Bound the cumulative difference after `m` steps of size `h`.
        have diff_bound : ∀ m : ℕ, |f (x + (m : ℝ) * h) - f x| ≤ (m : ℝ) * h ^ 2 := by
          intro m
          -- Step 1.2.1.2.1: Induct on `m` (the number of steps).
          induction m with
          | zero =>
              -- Step 1.2.1.2.1.1: At `m = 0`, there is no movement; the difference is zero.
              simp
          | succ m ih =>
              -- Step 1.2.1.2.1.2: Add one more step of length `h`.
              have h_step : |f (x + (m.succ : ℝ) * h) - f (x + (m : ℝ) * h)| ≤ h ^ 2 := by
                -- Step 1.2.1.2.1.2.1: Apply the given quadratic bound to two consecutive partition points.
                have hraw := hf (x + (m.succ : ℝ) * h) (x + (m : ℝ) * h)
                -- Step 1.2.1.2.1.2.1.1: Name the increment `u` between consecutive partition points.
                let u : ℝ := (x + (m.succ : ℝ) * h) - (x + (m : ℝ) * h)
                have hsq : |u| ^ 2 = u ^ 2 := by
                  -- squaring removes the absolute value for real numbers
                  have := sq_abs u
                  simp [pow_two]
                -- Step 1.2.1.2.1.2.1.2: Rewrite the bound using `u` and its square.
                have hraw' : |f (x + (m.succ : ℝ) * h) - f (x + (m : ℝ) * h)| ≤ u ^ 2 := by
                  simpa [u, hsq] using hraw
                -- Step 1.2.1.2.1.2.1.3: Replace `u` by the actual step size `h`.
                have hu : u = h := by
                  -- the spatial increment is exactly one copy of `h`
                  unfold u
                  have diff1 : (m.succ : ℝ) - (m : ℝ) = 1 := by
                    -- cast `m.succ` to ℝ and subtract to get the unit increment
                    have hm1 : (m.succ : ℝ) = (m : ℝ) + 1 := by norm_cast
                    linarith
                  calc
                    (x + (m.succ : ℝ) * h) - (x + (m : ℝ) * h)
                        = ((m.succ : ℝ) - (m : ℝ)) * h := by ring_nf
                    _ = (1 : ℝ) * h := by simp
                    _ = h := by ring
                simpa [u, hu] using hraw'
              -- Step 1.2.1.2.1.2.2: Use the triangle inequality to accumulate bounds.
              have htri :
                  |(f (x + (m.succ : ℝ) * h) - f (x + (m : ℝ) * h)) + (f (x + (m : ℝ) * h) - f x)|
                    ≤ |f (x + (m.succ : ℝ) * h) - f (x + (m : ℝ) * h)| + |f (x + (m : ℝ) * h) - f x| := by
                -- Step 1.2.1.2.1.2.2.1: Triangle inequality expressed with norms, specialized to real numbers.
                have htriangle := norm_add_le (f (x + (m.succ : ℝ) * h) - f (x + (m : ℝ) * h))
                  (f (x + (m : ℝ) * h) - f x)
                -- convert norms to absolute values
                simpa [Real.norm_eq_abs] using htriangle
              calc
                |f (x + (m.succ : ℝ) * h) - f x|
                    = |(f (x + (m.succ : ℝ) * h) - f (x + (m : ℝ) * h)) + (f (x + (m : ℝ) * h) - f x)| := by
                        ring_nf
                _ ≤ |f (x + (m.succ : ℝ) * h) - f (x + (m : ℝ) * h)| + |f (x + (m : ℝ) * h) - f x| := htri
                _ ≤ h ^ 2 + (m : ℝ) * h ^ 2 := by
                        have := add_le_add h_step ih
                        -- Step 1.2.1.2.1.2.2.2: The previous line accumulates the two bounds.
                        simpa [add_comm] using this
                _ = (m.succ : ℝ) * h ^ 2 := by
                      -- factor out `h^2` and identify `m.succ` with `m+1`
                      have hm1 : (m.succ : ℝ) = (m : ℝ) + 1 := by norm_cast
                      calc
                        h ^ 2 + (m : ℝ) * h ^ 2 = ((m : ℝ) + 1) * h ^ 2 := by ring
                        _ = (m.succ : ℝ) * h ^ 2 := by simp [hm1]
        -- Step 1.2.1.3: Show that advancing `n.succ` steps of size `h` lands exactly at `y`.
        have hxyn : x + (n.succ : ℝ) * h = y := by
          -- Step 1.2.1.3.1: The denominator `(n.succ : ℝ)` is nonzero because `n.succ ≥ 1`.
          have hnnz : (n.succ : ℝ) ≠ 0 := by exact_mod_cast Nat.succ_ne_zero n
          -- Step 1.2.1.3.2: Direct algebra using the definition of `h`.
          calc
            x + (n.succ : ℝ) * h
                = x + (n.succ : ℝ) * ((y - x) / (n.succ : ℝ)) := by rfl
            _ = x + (y - x) := by field_simp [h, hnnz]
            _ = y := by ring
        have hxyn' : x + ((n : ℝ) + 1) * h = y := by
          -- rewrite the previous identity to the form with an explicit `+ 1`
          have hcast : (n.succ : ℝ) = (n : ℝ) + 1 := by norm_cast
          simpa [hcast] using hxyn
        -- Step 1.2.1.4: Specialize the cumulative bound to exactly `n.succ` steps.
        have h_apply := diff_bound n.succ
        -- Step 1.2.1.5: Combine with endpoint identity to bound the total jump.
        have h_total : |f y - f x| ≤ (n.succ : ℝ) * h ^ 2 := by
          have := h_apply
          -- Step 1.2.1.5.1: Replace the endpoint with `y` using `hxyn`.
          simpa [hxyn'] using this
        -- Step 1.2.1.6: Rewrite the right-hand side into the clean fraction form.
        have h_norm : (n.succ : ℝ) * h ^ 2 = |y - x| ^ 2 / (n.succ : ℝ) := by
          -- Step 1.2.1.6.1: The casted natural number is positive.
          have hnnz : (n.succ : ℝ) ≠ 0 := by exact_mod_cast Nat.succ_ne_zero n
          -- Step 1.2.1.6.2: Expand `h` and simplify purely algebraically (no absolute values needed after squaring).
          calc
            (n.succ : ℝ) * h ^ 2
                = (n.succ : ℝ) * ((y - x) / (n.succ : ℝ)) ^ 2 := by simp [h]
            _ = (n.succ : ℝ) * ((y - x) ^ 2 / (n.succ : ℝ) ^ 2) := by ring
            _ = (y - x) ^ 2 / (n.succ : ℝ) := by
              -- cancel one factor of `(n.succ : ℝ)` from numerator and denominator
              have hpow : (n.succ : ℝ) ^ 2 ≠ 0 := by exact pow_ne_zero _ hnnz
              field_simp [hpow]
            _ = |y - x| ^ 2 / (n.succ : ℝ) := by
              -- Step 1.2.1.6.2.1: Square removes the sign, so we may replace `(y - x) ^ 2` with `|y - x| ^ 2`.
              have hsquare : |y - x| ^ 2 = (y - x) ^ 2 := by
                simp [pow_two]
              have hsymm := hsquare.symm
              -- apply the equality to both sides of the fraction
              have : (y - x) ^ 2 / (n.succ : ℝ) = |y - x| ^ 2 / (n.succ : ℝ) := by
                exact congrArg (fun t => t / (n.succ : ℝ)) hsymm
              simp
        -- Step 1.2.1.7: Combine the rewrites to obtain the desired partition bound.
        calc
          |f y - f x| ≤ (n.succ : ℝ) * h ^ 2 := h_total
          _ = |y - x| ^ 2 / (n.succ : ℝ) := h_norm
      -- Step 1.2.2: If `f x ≠ f y`, derive a contradiction using the bounds for large `n`.
      have h_nonneg : 0 ≤ |f y - f x| := abs_nonneg _
      by_contra hneq
      -- Step 1.2.2.1: From `f x ≠ f y`, the absolute difference is strictly positive.
      have hpos' : 0 < |f y - f x| := abs_pos.mpr (sub_ne_zero.mpr (ne_comm.mp hneq))
      -- Step 1.2.2.2: Choose a large `n` so that the denominator dominates the fixed numerator.
      obtain ⟨n, hn⟩ : ∃ n : ℕ, |y - x| ^ 2 / |f y - f x| < n := exists_nat_gt (|y - x| ^ 2 / |f y - f x|)
      -- Step 1.2.2.3: Strengthen the previous inequality to use `n.succ`.
      have hn' : |y - x| ^ 2 / |f y - f x| < (n.succ : ℝ) :=
        lt_trans hn (by exact_mod_cast Nat.lt_succ_self n)
      -- Step 1.2.2.4: Multiply by the positive number `|f y - f x|` to move it to the other side.
      have hmul : (y - x) ^ 2 < (n.succ : ℝ) * |f y - f x| := by
        have hmult := mul_lt_mul_of_pos_right hn' hpos'
        -- Step 1.2.2.4.1: Simplify the left-hand side after multiplication.
        have hne : |f y - f x| ≠ 0 := by exact ne_of_gt hpos'
        have hcancel₁ : (|y - x| ^ 2 / |f y - f x|) * |f y - f x| = |y - x| ^ 2 := by
          field_simp [hne]
        have hcancel₂ : (y - x) ^ 2 / |f y - f x| * |f y - f x| = (y - x) ^ 2 := by
          field_simp [hne]
        have hsquare : |y - x| ^ 2 = (y - x) ^ 2 := by simp [pow_two]
        -- rewrite `hmult` to a form with `(y - x)^2` explicitly
        have hineq : (y - x) ^ 2 / |f y - f x| * |f y - f x| < (n.succ : ℝ) * |f y - f x| := by
          have hineq' : (|y - x| ^ 2 / |f y - f x|) * |f y - f x| < (n.succ : ℝ) * |f y - f x| := hmult
          simpa [hsquare] using hineq'
        -- conclude by cancelling the denominator
        have hmult' : (y - x) ^ 2 < (n.succ : ℝ) * |f y - f x| := by
          simpa [hcancel₂] using hineq
        exact hmult'
      -- Step 1.2.2.5: Use the previously proved bound to get the reverse inequality.
      have hbound := main_bound n
      have hbound' : (n.succ : ℝ) * |f y - f x| ≤ |y - x| ^ 2 := by
        have hpossucc : 0 ≤ (n.succ : ℝ) := by exact_mod_cast Nat.zero_le (n.succ)
        -- multiply the bound by the nonnegative factor `(n.succ : ℝ)`
        have htmp : (n.succ : ℝ) * |f y - f x| ≤ (n.succ : ℝ) * (|y - x| ^ 2 / (n.succ : ℝ)) :=
          mul_le_mul_of_nonneg_left hbound hpossucc
        have hnnz : (n.succ : ℝ) ≠ 0 := by exact_mod_cast Nat.succ_ne_zero n
        have hcancel : (n.succ : ℝ) * (|y - x| ^ 2 / (n.succ : ℝ)) = |y - x| ^ 2 := by
          field_simp [hnnz]
        linarith [htmp, hcancel]
      -- Step 1.2.2.6: The two inequalities contradict each other, so the assumption was impossible.
      have hcontr : (y - x) ^ 2 < (y - x) ^ 2 := by
        have hsquare_abs : |y - x| ^ 2 = (y - x) ^ 2 := by simp [pow_two]
        have hbound'' : (n.succ : ℝ) * |f y - f x| ≤ (y - x) ^ 2 := by
          simpa [hsquare_abs] using hbound'
        exact lt_of_lt_of_le hmul hbound''
      exact (lt_irrefl _ hcontr).elim
  -- Step 2: Having pairwise equality, define the constant value as `f 0`.
  refine ⟨f 0, ?_⟩
  -- Step 2.1: Use function extensionality to identify `f` with the constant function.
  funext x
  -- Step 2.2: Apply the pairwise equality with reference point `0`.
  exact h_equal x 0"
proofnet-332,real_analysis,easy,reproducible,"If $r$ is rational $(r \neq 0)$ and $x$ is irrational, prove that $rx$ is irrational.",import Mathlib open Topology Filter Real Complex TopologicalSpace Finset open scoped BigOperators,"theorem Rudin_exercise_1_1b
(x : ℝ)
(y : ℚ)
(h : y ≠ 0)
: ( Irrational x ) -> Irrational ( x * y ) := by",Irrational,3,,"Introduce the hypothesis `hx : Irrational x` because we are proving an implication.; Record separately that the rational multiplier `y` is nonzero; this matches the input; Apply `Irrational.mul_ratCast`, which states that scaling an irrational real number by a",have hy : y ≠ 0 := h,"import Mathlib
open Topology Filter Real Complex TopologicalSpace Finset
open scoped BigOperators

theorem Rudin_exercise_1_1b
(x : ℝ)
(y : ℚ)
(h : y ≠ 0)
: ( Irrational x ) -> Irrational ( x * y ) := by
  -- Step 1: Introduce the hypothesis `hx : Irrational x` because we are proving an implication.
  intro hx
  -- Step 2: Record separately that the rational multiplier `y` is nonzero; this matches the input
  -- Step 2.1: The Mathlib lemma `Irrational.mul_ratCast` needs a named proof that the factor ≠ 0.
  -- Step 2.2: We reuse the assumption `h` but store it in `hy` to emphasize its later use.
  have hy : y ≠ 0 := h
  -- Step 3: Apply `Irrational.mul_ratCast`, which states that scaling an irrational real number by a
  -- Step 3.1: nonzero rational keeps it irrational; here `hx` provides the irrational number.
  -- Step 3.2: Feeding the nonzero witness `hy` yields precisely the target `Irrational (x * y)`.
  exact hx.mul_ratCast hy"
proofnet-339,real_analysis,easy,reproducible,Prove that every compact metric space $K$ has a countable base.,import Mathlib open Topology Filter Real Complex TopologicalSpace Finset open scoped BigOperators,"theorem Rudin_exercise_2_25 {K : Type*} [MetricSpace K] [CompactSpace K] :
  ∃ (B : Set (Set K)), Set.Countable B ∧ IsTopologicalBasis B := by",SecondCountableTopology; TopologicalSpace.exists_countable_basis,3,,"Record that any compact metric space is automatically second-countable,; Use the abstract second-countability machinery to select an explicit countable basis.; Package the countable family `B` and its basis property to conclude the statement.",have hSecond : SecondCountableTopology K := inferInstance,"import Mathlib
open Topology Filter Real Complex TopologicalSpace Finset
open scoped BigOperators

theorem Rudin_exercise_2_25 {K : Type*} [MetricSpace K] [CompactSpace K] :
  ∃ (B : Set (Set K)), Set.Countable B ∧ IsTopologicalBasis B := by
  classical
  -- Step 1: Record that any compact metric space is automatically second-countable,
  -- because compactness implies properness and proper metric spaces carry a second-countable topology.
  have hSecond : SecondCountableTopology K := inferInstance
  -- Step 2: Use the abstract second-countability machinery to select an explicit countable basis.
  obtain ⟨B, hBcount, -, hBbasis⟩ :=
    TopologicalSpace.exists_countable_basis (α := K)
  -- Step 3: Package the countable family `B` and its basis property to conclude the statement.
  exact ⟨B, hBcount, hBbasis⟩"
proofnet-348,real_analysis,easy,reproducible,Let $f$ be a continuous real function on a metric space $X$. Let $Z(f)$ (the zero set of $f$ ) be the set of all $p \in X$ at which $f(p)=0$. Prove that $Z(f)$ is closed.,import Mathlib open Topology Filter Real Complex TopologicalSpace Finset open scoped BigOperators,"theorem Rudin_exercise_4_3
  {α : Type} [MetricSpace α]
  (f : α → ℝ) (h : Continuous f) (z : Set α) (g : z = f⁻¹' {0})
  : IsClosed z := by",Continuous; Inv.inv; IsClosed; MetricSpace; Set,3,,Recognize that `{0}` is a closed subset of `ℝ`.; Use continuity of `f` to lift the closedness of `{0}` back to the preimage.; Rewrite the goal set `z` into `f ⁻¹' {0}` by the provided equality `g`.,have h_zero_closed : IsClosed ({0} : Set ℝ) := by,"import Mathlib
open Topology Filter Real Complex TopologicalSpace Finset
open scoped BigOperators

theorem Rudin_exercise_4_3
  {α : Type} [MetricSpace α]
  (f : α → ℝ) (h : Continuous f) (z : Set α) (g : z = f⁻¹' {0})
  : IsClosed z := by
  -- Step 1: Recognize that `{0}` is a closed subset of `ℝ`.
  -- Step 1.1: Invoke the general fact that singletons in `ℝ` are closed to justify this.
  have h_zero_closed : IsClosed ({0} : Set ℝ) := by
    -- Step 1.2: `isClosed_singleton` provides the needed closure property for singletons.
    simp
  -- Step 2: Use continuity of `f` to lift the closedness of `{0}` back to the preimage.
  -- Step 2.1: `Continuous.isClosed_preimage` establishes that preimages of closed sets under continuous maps are closed.
  have h_preimage_closed : IsClosed (f ⁻¹' ({0} : Set ℝ)) :=
    -- Step 2.2: Apply the general lemma `IsClosed.preimage` with the previously computed facts.
    IsClosed.preimage h h_zero_closed
  -- Step 3: Rewrite the goal set `z` into `f ⁻¹' {0}` by the provided equality `g`.
  -- Step 3.1: With this rewriting, the previously obtained closedness gives the desired result directly.
  simpa [g] using h_preimage_closed"
proofnet-357,real_analysis,medium,reproducible,"Suppose $f$ is defined and differentiable for every $x>0$, and $f^{\prime}(x) \rightarrow 0$ as $x \rightarrow+\infty$. Put $g(x)=f(x+1)-f(x)$. Prove that $g(x) \rightarrow 0$ as $x \rightarrow+\infty$.",import Mathlib open Topology Filter Real Complex TopologicalSpace Finset Set open scoped BigOperators,"theorem Rudin_exercise_5_5
  {f : ℝ → ℝ}
  (hfd : DifferentiableOn ℝ f (Ioi 0))
  (hf : Tendsto (deriv f) atTop (𝓝 0)) :
  Tendsto (λ x => f (x + 1) - f x) atTop (𝓝 0) := by",ContinuousOn; Filter.eventually_atTop; Metric.ball_mem_nhds; Metric.mem_ball; Metric.tendsto_atTop; Real.dist_eq; abs_sub; one_pos,3,,Turn the limit of `deriv f` at `+∞` into an eventual bound using the metric definition.; Prove the desired estimate once `x` is no smaller than `max N 1`.,refine Metric.tendsto_atTop.2 ?_ intro ε εpos,"import Mathlib
open Topology Filter Real Complex TopologicalSpace Finset Set
open scoped BigOperators

theorem Rudin_exercise_5_5
  {f : ℝ → ℝ}
  (hfd : DifferentiableOn ℝ f (Ioi 0))
  (hf : Tendsto (deriv f) atTop (𝓝 0)) :
  Tendsto (λ x => f (x + 1) - f x) atTop (𝓝 0) := by
  -- Step 1: turn the limit of `deriv f` at `+∞` into an eventual bound using the metric definition.
  refine Metric.tendsto_atTop.2 ?_
  intro ε εpos
  -- Step 1.1: extract `δ` so that beyond some threshold the derivative stays in the ball of radius `ε`.
  have hderiv_small : ∀ᶠ x : ℝ in atTop, |deriv f x| < ε := by
    -- Step 1.1.1: apply `hf` to the metric ball `Metric.ball 0 ε` and rewrite it as an absolute-value inequality.
    have hball := hf.eventually (Metric.ball_mem_nhds (0 : ℝ) εpos)
    refine hball.mono ?_
    intro x hx
    simpa [Metric.mem_ball, Real.dist_eq, abs_sub, sub_zero] using hx
  -- Step 1.2: translate the eventual statement into an explicit lower bound `N`.
  obtain ⟨N, hN⟩ := Filter.eventually_atTop.1 hderiv_small
  -- Step 2: prove the desired estimate once `x` is no smaller than `max N 1`.
  refine ⟨max N 1, ?_⟩
  intro x hx
  -- Step 2.1: record the basic inequalities coming from the choice `x ≥ max N 1`.
  have hxN : N ≤ x := by exact (le_of_max_le_left hx)
  have hx1 : (1 : ℝ) ≤ x := by exact (le_of_max_le_right hx)
  have hxpos : 0 < x := lt_of_lt_of_le (show (0 : ℝ) < 1 by norm_num) hx1
  -- Step 2.2: restrict differentiability/continuity to `[x, x + 1] ⊆ (0, +∞)`.
  have hsubset_cc : Icc x (x + 1) ⊆ Ioi (0 : ℝ) := by
    intro y hy
    exact lt_of_lt_of_le hxpos hy.1
  have hsubset_oo : Ioo x (x + 1) ⊆ Ioi (0 : ℝ) := by
    intro y hy
    exact lt_trans hxpos hy.1
  have hcont_restrict : ContinuousOn f (Icc x (x + 1)) :=
    (hfd.continuousOn).mono hsubset_cc
  have hdiff_restrict : DifferentiableOn ℝ f (Ioo x (x + 1)) :=
    hfd.mono hsubset_oo
  -- Step 2.3: apply the mean value theorem to get a point whose derivative equals the increment.
  have hxlt : x < x + 1 := lt_add_of_pos_right x one_pos
  obtain ⟨c, hc_mem, hc_deriv⟩ :=
    exists_deriv_eq_slope (f := f) (a := x) (b := x + 1)
      (hab := hxlt) (hfc := hcont_restrict) (hfd := hdiff_restrict)
  have hdiff_eq : deriv f c = f (x + 1) - f x := by
    have hxden : (x + 1) - x = (1 : ℝ) := by ring
    simpa [hxden] using hc_deriv
  -- Step 2.4: bound the increment by bounding the derivative at the point `c ∈ (x, x + 1)`.
  have hc_ge : N ≤ c := le_trans hxN (le_of_lt hc_mem.1)
  have hbound : |deriv f c| < ε := hN c hc_ge
  have hgoal : |f (x + 1) - f x| < ε := by simpa [hdiff_eq]
    using hbound
  -- Step 2.5: rewrite the absolute value bound as a metric bound against `0`.
  simpa [Real.dist_eq, sub_zero] using hgoal"
